p,H0,theta_star,theta_err,theta_abs_err,theta_err_ppm,r_s_Mpc,D_M_Mpc,Omega_m0,Omega_b0,Omega_r0,Omega_flux0,q0,z_acc,accepted_theta,H0_distance_to_73,score
0.19,73.0,0.010413327865366416,1.2786536641648527e-07,1.2786536641648527e-07,12.27916168099002,143.51333566785001,13781.697601701335,0.26834302871082755,0.041977857008819675,7.843873146931883e-05,0.7315785325577032,-0.6682757049129009,0.7720901905311249,True,0.0,0.16483940210081172
0.1925,73.0,0.010412196518984505,-1.0034810154942175e-06,1.0034810154942175e-06,-96.36624817483747,143.513335667945,13783.195064199745,0.26834302871082755,0.041977857008819675,7.843873146931883e-05,0.7315785325577032,-0.6692132391913344,0.7721199694850693,True,0.0,0.16649349109824224
0.1875,73.0,0.010414462576492844,1.262576492844919e-06,1.262576492844919e-06,121.24769454585709,143.51333566775364,13780.196012388278,0.26834302871082755,0.041977857008819675,7.843873146931883e-05,0.7315785325577032,-0.6673381650975632,0.7720575005067392,True,0.0,0.16728797496063652
0.195,73.0,0.010411068520290402,-2.1314797095974003e-06,2.1314797095974003e-06,-204.6901730109285,143.51333566803865,13784.688419670065,0.26834302871082755,0.041977857008819675,7.843873146931883e-05,0.7315785325577032,-0.6701507679330856,0.7721468601246616,True,0.0,0.17221386261857546
0.185,73.0,0.010415600669542323,2.4006695423239854e-06,2.4006695423239854e-06,230.54100010793854,143.5133356676559,13778.690276339299,0.26834302871082755,0.041977857008819675,7.843873146931883e-05,0.7315785325577032,-0.6664006197455432,0.7720218764932354,True,0.0,0.17387594608932613
0.1975,73.0,0.010409943852348147,-3.256147651852642e-06,3.256147651852642e-06,-312.6942392206663,143.51333566813096,13786.177687765243,0.26834302871082755,0.041977857008819675,7.843873146931883e-05,0.7315785325577032,-0.6710882911381546,0.772170885043391,True,0.0,0.18196449036760443
0.1825,73.0,0.010416742161816308,3.5421618163090918e-06,3.5421618163090918e-06,340.16073985989823,143.51333566755673,13777.180373497229,0.26834302871082755,0.041977857008819675,7.843873146931883e-05,0.7315785325577032,-0.665463068856619,0.7719832954075335,True,0.0,0.18464041306150925
0.2,73.0,0.010408822498341496,-4.377501658502786e-06,4.377501658502786e-06,-420.3800617008015,143.513335668222,13787.662888005716,0.26834302871082755,0.041977857008819675,7.843873146931883e-05,0.7315785325577032,-0.6720258088063193,0.7721920666738812,True,0.0,0.1957096971097765
0.18,73.0,0.01041788707074026,4.687070740260618e-06,4.687070740260618e-06,450.1085872028405,143.5133356674561,13775.666283667875,0.26834302871082755,0.041977857008819675,7.843873146931883e-05,0.7315785325577032,-0.6645255124307905,0.7719417340029346,True,0.0,0.19961883876003647
0.2025,73.0,0.010407704441572845,-5.49555842715467e-06,5.49555842715467e-06,-527.7492439552367,143.5133356683117,13789.144039780545,0.26834302871082755,0.041977857008819675,7.843873146931883e-05,0.7315785325577032,-0.6729633209378019,0.7722104272875298,True,0.0,0.21341415073347628
0.1775,73.0,0.01041903541386476,5.83541386476108e-06,5.83541386476108e-06,560.3862275535936,143.51333566735406,13774.147986518867,0.26834302871082755,0.041977857008819675,7.843873146931883e-05,0.7315785325577032,-0.6635879504680577,0.7718971688671195,True,0.0,0.2188490555691494
0.20500000000000002,73.0,0.01040658966546219,-6.610334537809556e-06,6.610334537809556e-06,-634.8033781939804,143.51333566840012,13790.621162348505,0.26834302871082755,0.041977857008819675,7.843873146931883e-05,0.7315785325577032,-0.6739008275328242,0.772225988995942,True,0.0,0.23504286037076205
0.175,73.0,0.01042018720886659,6.987208866590655e-06,6.987208866590655e-06,670.9953584479945,143.51333566725052,13772.625461578493,0.26834302871082755,0.041977857008819675,7.843873146931883e-05,0.7315785325577032,-0.6626503829681987,0.7718495764215759,True,0.0,0.24236926962507488
0.20750000000000002,73.0,0.010405478153546118,-7.721846453881409e-06,7.721846453881409e-06,-741.5440454309347,143.5133356684873,13792.094274839152,0.26834302871082755,0.041977857008819675,7.843873146931883e-05,0.7315785325577032,-0.6748383285909423,0.7722387737512961,True,0.0,0.26056117256414124
0.1725,73.0,0.010421342473549915,8.142473549915472e-06,8.142473549915472e-06,781.9376896550025,143.5133356671455,13771.09868823448,0.26834302871082755,0.041977857008819675,7.843873146931883e-05,0.7315785325577032,-0.6617128099316574,0.7717989329216696,True,0.0,0.27021806512566915
0.21000000000000002,73.0,0.010404369889476774,-8.83011052322559e-06,8.83011052322559e-06,-847.9728155826826,143.51333566857323,13793.563396253916,0.26834302871082755,0.041977857008819675,7.843873146931883e-05,0.7315785325577032,-0.6757758241128222,0.772248803347904,True,0.0,0.28993476748552666
0.16999999999999998,73.0,0.010422501225847378,9.301225847378747e-06,9.301225847378747e-06,893.2149432814839,143.513335667039,13769.567645732848,0.26834302871082755,0.041977857008819675,7.843873146931883e-05,0.7315785325577032,-0.6607752313579898,0.7717452144552234,True,0.0,0.3024344086913533
0.21250000000000002,73.0,0.010403264857020846,-9.935142979153669e-06,9.935142979153669e-06,-954.0912475659422,143.51333566865793,13795.028545467163,0.26834302871082755,0.041977857008819675,7.843873146931883e-05,0.7315785325577032,-0.6767133140977979,0.7722560994216326,True,0.0,0.3231296551986761
0.1675,73.0,0.010423663483821257,1.0463483821257849e-05,1.0463483821257849e-05,1004.8288538833259,143.51333566693089,13768.032313176682,0.26834302871082755,0.041977857008819675,7.843873146931883e-05,0.7315785325577032,-0.6598376472471958,0.7716883969419019,True,0.0,0.3390576537861226
0.21500000000000002,73.0,0.010402163040058584,-1.1036959941415278e-05,1.1036959941415278e-05,-1059.9008893918563,143.51333566874143,13796.489741227242,0.26834302871082755,0.041977857008819675,7.843873146931883e-05,0.7315785325577032,-0.6776507985465354,0.7722606834519126,True,0.0,0.36011217197463474
0.165,73.0,0.010424829265664655,1.1629265664656052e-05,1.1629265664656052e-05,1116.7811685798845,143.51333566682126,13766.492669524912,0.26834302871082755,0.041977857008819675,7.843873146931883e-05,0.7315785325577032,-0.6589000575994977,0.7716284561328315,True,0.0,0.3801275451983871
0.21750000000000003,73.0,0.010401064422582791,-1.2135577417207721e-05,1.2135577417207721e-05,-1165.4032782629472,143.51333566882377,13797.947002157549,0.26834302871082755,0.041977857008819675,7.843873146931883e-05,0.7315785325577032,-0.6785882774583687,0.77226257676236,True,0.0,0.4008489766520703
0.1625,73.0,0.010425998589702638,1.279858970263878e-05,1.279858970263878e-05,1229.0736471630987,143.51333566671005,13764.948693591106,0.26834302871082755,0.041977857008819675,7.843873146931883e-05,0.7315785325577032,-0.6579624624146732,0.771565367609567,True,0.0,0.4256842235773399
0.22000000000000003,73.0,0.010399968988697864,-1.3231011302135276e-05,1.3231011302135276e-05,-1270.59994066524,143.51333566890494,13799.400346757539,0.26834302871082755,0.041977857008819675,7.843873146931883e-05,0.7315785325577032,-0.6795257508339638,0.7722618005206549,True,0.0,0.4453070470409466
0.16,73.0,0.010427171474393438,1.3971474393439237e-05,1.3971474393439237e-05,1341.7080622132714,143.51333566659721,13763.400364042212,0.26834302871082755,0.041977857008819675,7.843873146931883e-05,0.7315785325577032,-0.6570248616927223,0.7714991067831474,True,0.0,0.4757682300312497
0.22250000000000003,73.0,0.010398876722618801,-1.4323277381197985e-05,1.4323277381197985e-05,-1375.4923924632185,143.51333566898492,13800.849793403768,0.26834302871082755,0.041977857008819675,7.843873146931883e-05,0.7315785325577032,-0.6804632186730988,0.772258375740076,True,0.0,0.49345367637712056
0.1575,73.0,0.010428347938329651,1.5147938329651903e-05,1.5147938329651903e-05,1454.686199213681,143.51333566648282,13761.847659397325,0.26834302871082755,0.041977857008819675,7.843873146931883e-05,0.7315785325577032,-0.6560872554336452,0.7714296488944536,True,0.0,0.5304205107888991
0.22500000000000003,73.0,0.010397787608670266,-1.5412391329733613e-05,1.5412391329733613e-05,-1480.082138990283,143.51333566906376,13802.295360350907,0.26834302871082755,0.041977857008819675,7.843873146931883e-05,0.7315785325577032,-0.6814006809757736,0.772252323280384,True,0.0,0.5452564698190453
0.155,73.0,0.010429528000239437,1.632800023943816e-05,1.632800023943816e-05,1568.0098566663619,143.5133356663667,13760.2905580264,0.26834302871082755,0.041977857008819675,7.843873146931883e-05,0.7315785325577032,-0.6551496436374418,0.7713569690125229,True,0.0,0.5896824219179553
0.22749999999999998,73.0,0.010396701631285622,-1.6498368714376946e-05,1.6498368714376946e-05,-1584.3706751408738,143.5133356691415,13803.73706573275,0.26834302871082755,0.041977857008819675,7.843873146931883e-05,0.7315785325577032,-0.6823381377419881,0.7722436638480515,True,0.0,0.6006833409884225
0.15250000000000002,73.0,0.010430711678987764,1.7511678987764887e-05,1.7511678987764887e-05,1681.6808462110484,143.51333566624893,13758.729038149007,0.26834302871082755,0.041977857008819675,7.843873146931883e-05,0.7315785325577032,-0.654212026304112,0.7712810420340103,True,0.0,0.6535957341097055
0.22999999999999998,73.0,0.01039561877500601,-1.7581224993989605e-05,1.7581224993989605e-05,-1688.3594854597632,143.51333566921815,13805.174927563192,0.26834302871082755,0.041977857008819675,7.843873146931883e-05,0.7315785325577032,-0.6832755889719646,0.7722324179973339,True,0.0,0.6597025085556583
0.23249999999999998,73.0,0.010394539024479378,-1.8660975520621084e-05,1.8660975520621084e-05,-1792.0500442343455,143.51333566929367,13806.608963737253,0.26834302871082755,0.041977857008819675,7.843873146931883e-05,0.7315785325577032,-0.6842130346654809,0.772218606131336,True,0.0,0.7222824928706864
0.15000000000000002,73.0,0.0104318989935776,1.8698993577601422e-05,1.8698993577601422e-05,1795.7009927401205,143.51333566612945,13757.163077833044,0.26834302871082755,0.041977857008819675,7.843873146931883e-05,0.7315785325577032,-0.6532744034334339,0.7712018426831007,True,0.0,0.7222026375255366
0.235,73.0,0.010393462364459607,-1.973763554039172e-05,1.973763554039172e-05,-1895.4438155794303,143.51333566936816,13808.03919203203,0.26834302871082755,0.041977857008819675,7.843873146931883e-05,0.7315785325577032,-0.685150474822759,0.7722022485024391,True,0.0,0.7883921126311427
0.14750000000000002,73.0,0.010433089963151216,1.9889963151217133e-05,1.9889963151217133e-05,1910.0721345232143,143.51333566600823,13755.5926549934,0.26834302871082755,0.041977857008819675,7.843873146931883e-05,0.7315785325577032,-0.6523367750254074,0.7711193455100674,True,0.0,0.7955457467095328
0.2375,73.0,0.010392388779805565,-2.0811220194434654e-05,2.0811220194434654e-05,-1998.542253527701,143.51333566944157,13809.465630107674,0.26834302871082755,0.041977857008819675,7.843873146931883e-05,0.7315785325577032,-0.686087909443577,0.7721833652131241,True,0.0,0.8580004815971641
0.14500000000000002,73.0,0.010434284606991407,2.1084606991407864e-05,2.1084606991407864e-05,2024.7961233249976,143.5133356658853,13754.017747390692,0.26834302871082755,0.041977857008819675,7.843873146931883e-05,0.7315785325577032,-0.6513991410802547,0.7710335248914828,True,0.0,0.8736681055658211
0.24,73.0,0.010391318255480213,-2.1881744519785737e-05,2.1881744519785737e-05,-2101.346802115175,143.51333566951394,13810.888295508352,0.26834302871082755,0.041977857008819675,7.843873146931883e-05,0.7315785325577032,-0.6870253385283789,0.7721619762168704,True,0.0,0.9310770053453385
0.14250000000000002,73.0,0.010435482944522767,2.2282944522767495e-05,2.2282944522767495e-05,2139.8748245272823,143.5133356657606,13752.438332629914,0.26834302871082755,0.041977857008819675,7.843873146931883e-05,0.7315785325577032,-0.6504615015977535,0.7709443550288769,True,0.0,0.9566131924002772
0.2425,73.0,0.010390250776549712,-2.2949223450287326e-05,2.2949223450287326e-05,-2203.8588954679954,143.51333566958525,13812.307205663199,0.26834302871082755,0.041977857008819675,7.843873146931883e-05,0.7315785325577032,-0.6879627620769426,0.7721381013188355,True,0.0,1.0075913780643448
0.14,73.0,0.01043668499531299,2.348499531299071e-05,2.348499531299071e-05,2255.310117254131,143.5133356656341,13750.854388159121,0.26834302871082755,0.041977857008819675,7.843873146931883e-05,0.7315785325577032,-0.649523856577904,0.7708518099484064,True,0.0,1.0444249250332762
0.245,73.0,0.010389186328182547,-2.4013671817452176e-05,2.4013671817452176e-05,-2306.0799578853935,143.5133356696556,13813.722377887256,0.26834302871082755,0.041977857008819675,7.843873146931883e-05,0.7315785325577032,-0.6889001800890462,0.7721117601768756,True,0.0,1.0875135793894202
0.1375,73.0,0.010437890779074165,2.4690779074165378e-05,2.4690779074165378e-05,2371.1038944959646,143.51333566550574,13749.265891268053,0.26834302871082755,0.041977857008819675,7.843873146931883e-05,0.7315785325577032,-0.6485862060209282,0.7707558634999242,True,0.0,1.1371476659779667
0.1875,72.95,0.010413160019650558,-3.998034944080464e-08,3.998034944080464e-08,-3.839391295740468,143.51333566776634,13781.919743569091,0.26871099991027303,0.042035420055893766,7.854629228146443e-05,0.7312104537974455,-0.6667502377136749,0.7710358502348272,True,0.04999999999999716,0.16300397423196347
0.1925,73.05,0.010413495440716923,2.954407169238754e-07,2.954407169238754e-07,28.371750943406006,143.51333566793264,13781.475824802625,0.2679758128404453,0.041920412120564764,7.833139144566862e-05,0.7319458557681091,-0.6698009026598886,0.7731380266405026,True,0.04999999999999716,0.16801767406621756
0.195,73.05,0.010412365841586637,-8.341584133621932e-07,8.341584133621932e-07,-80.10586691527996,143.51333566802649,13782.970926246087,0.2679758128404453,0.041920412120564764,7.833139144566862e-05,0.7319458557681091,-0.6707389026830981,0.7731638133809486,True,0.04999999999999716,0.16905159781597826
0.185,72.95,0.010414296496397435,1.0964963974360864e-06,1.0964963974360864e-06,105.2986975604124,143.51333566766877,13780.415769544647,0.26871099991027303,0.042035420055893766,7.854629228146443e-05,0.7312104537974455,-0.6658131646187773,0.7709990418205058,True,0.04999999999999716,0.16484035874955463
0.19,72.95,0.01041202691952624,-1.1730804737597467e-06,1.1730804737597467e-06,-112.65321647137736,143.51333566786255,13783.419575944834,0.26871099991027303,0.042035420055893766,7.854629228146443e-05,0.7312104537974455,-0.6676873052738888,0.7710697226204412,True,0.04999999999999716,0.1652812100293862
0.19,73.05,0.010414628392779218,1.428392779218371e-06,1.428392779218371e-06,137.17135743271723,143.51333566783745,13779.976611296055,0.2679758128404453,0.041920412120564764,7.833139144566862e-05,0.7319458557681091,-0.6688628970977764,0.773109345544899,True,0.04999999999999716,0.17107548771352676
0.1975,73.05,0.01041123957842406,-1.9604215759395915e-06,1.9604215759395915e-06,-188.26312525828678,143.51333566811897,13784.461935304198,0.2679758128404453,0.041920412120564764,7.833139144566862e-05,0.7319458557681091,-0.6716768971669609,0.7731867284362577,True,0.04999999999999716,0.1741410550231743
0.1825,72.95,0.01041543636703936,2.236367039361656e-06,2.236367039361656e-06,214.76270880821036,143.5133356675698,13778.907633839655,0.26871099991027303,0.042035420055893766,7.854629228146443e-05,0.7312104537974455,-0.6648760859894178,0.7709592743156736,True,0.04999999999999716,0.17082727895845692
0.1925,72.95,0.010410897178874688,-2.302821125311008e-06,2.302821125311008e-06,-221.14442489446168,143.51333566795734,13784.915286567997,0.26871099991027303,0.042035420055893766,7.854629228146443e-05,0.7312104537974455,-0.6686243672998629,0.7711006818754904,True,0.04999999999999716,0.17163551030386412
0.1875,73.05,0.010415764714858774,2.5647148587746443e-06,2.5647148587746443e-06,246.29459328301047,143.51333566774093,13778.473265914861,0.2679758128404453,0.041920412120564764,7.833139144566862e-05,0.7319458557681091,-0.6679248859963174,0.7730777472609528,True,0.04999999999999716,0.178261597333924
0.2,73.05,0.01041011663438482,-3.0833656151797034e-06,3.0833656151797034e-06,-296.1016416836039,143.51333566821015,13785.948871522034,0.2679758128404453,0.041920412120564764,7.833139144566862e-05,0.7319458557681091,-0.672614886112143,0.7732067943135688,True,0.04999999999999716,0.18325019238265952
0.18,72.95,0.010416579648972602,3.3796489726026224e-06,3.3796489726026224e-06,324.55431304523324,143.51333566746936,13777.395316285441,0.26871099991027303,0.042035420055893766,7.854629228146443e-05,0.7312104537974455,-0.6639390018255966,0.7709165244946115,True,0.04999999999999716,0.18100201389821355
0.195,72.95,0.010409770780667736,-3.4292193322633946e-06,3.4292193322633946e-06,-329.3146518134094,143.51333566805081,13786.40689520016,0.26871099991027303,0.042035420055893766,7.854629228146443e-05,0.7312104537974455,-0.6695614237911531,0.7711287507354464,True,0.04999999999999716,0.1820306746856039
0.185,73.05,0.010416904424162892,3.7044241628925167e-06,3.7044241628925167e-06,355.74311094500416,143.513335667643,13776.9657687126,0.2679758128404453,0.041920412120564764,7.833139144566862e-05,0.7319458557681091,-0.6669868693557337,0.7730432087907378,True,0.04999999999999716,0.18961292019069803
0.2025,73.05,0.010408996992743383,-4.203007256616681e-06,4.203007256616681e-06,-403.62302237704847,143.51333566830002,13787.431754313133,0.2679758128404453,0.041920412120564764,7.833139144566862e-05,0.7319458557681091,-0.6735528695179784,0.7732240333581395,True,0.04999999999999716,0.19634350327519387
0.1775,72.95,0.010417726359718339,4.526359718339673e-06,4.526359718339673e-06,434.67519286479404,143.51333566736747,13775.878796575302,0.26871099991027303,0.042035420055893766,7.854629228146443e-05,0.7312104537974455,-0.6630019121270916,0.7708707689665117,True,0.04999999999999716,0.19540221044880562
0.1975,72.95,0.010408647707997765,-4.552292002234573e-06,4.552292002234573e-06,-437.16552089987454,143.513335668143,13787.894421469435,0.26871099991027303,0.042035420055893766,7.854629228146443e-05,0.7312104537974455,-0.6704984747484257,0.7711539517741323,True,0.04999999999999716,0.19643085425535825
0.1825,73.05,0.010418047538022,4.847538022000747e-06,4.847538022000747e-06,465.5185746937298,143.51333566754363,13775.454099606795,0.2679758128404453,0.041920412120564764,7.833139144566862e-05,0.7319458557681091,-0.6660488471760253,0.7730057069715763,True,0.04999999999999716,0.20516673634195887
0.20500000000000002,73.05,0.010407880636892042,-5.319363107957054e-06,5.319363107957054e-06,-510.8288622092204,143.5133356683886,13788.910602960561,0.2679758128404453,0.041920412120564764,7.833139144566862e-05,0.7319458557681091,-0.6744908473849112,0.7732384677536882,True,0.04999999999999716,0.2133858238676416
0.2,72.95,0.010407527944076629,-5.67205592337007e-06,5.67205592337007e-06,-544.6986443523673,143.51333566823376,13789.37788487163,0.26871099991027303,0.042035420055893766,7.854629228146443e-05,0.7312104537974455,-0.6714355201710145,0.7711763074036391,True,0.04999999999999716,0.21480054757635056
0.175,72.95,0.010418876516923746,5.676516923746461e-06,5.676516923746461e-06,545.1270429595572,143.5133356672642,13774.358054263379,0.26871099991027303,0.042035420055893766,7.854629228146443e-05,0.7312104537974455,-0.6620648168941248,0.7708219841750075,True,0.04999999999999716,0.21406588756375283
0.18,73.05,0.010419194073890758,5.9940738907585805e-06,5.9940738907585805e-06,575.6226607343161,143.51333566744285,13773.938238377757,0.2679758128404453,0.041920412120564764,7.833139144566862e-05,0.7319458557681091,-0.6651108194571922,0.772965218475071,True,0.04999999999999716,0.22496069279973907
0.20750000000000002,73.05,0.010406767550339866,-6.432449660132705e-06,6.432449660132705e-06,-617.7207448366214,143.51333566847595,13790.385436618026,0.2679758128404453,0.041920412120564764,7.833139144566862e-05,0.7319458557681091,-0.6754288197129412,0.773250119523718,True,0.04999999999999716,0.2343423292658547
0.2025,72.95,0.010406411472234653,-6.788527765345942e-06,6.788527765345942e-06,-651.9156229925424,143.51333566832338,13790.857304771325,0.26871099991027303,0.042035420055893766,7.854629228146443e-05,0.7312104537974455,-0.6723725600593635,0.7711958398760808,True,0.04999999999999716,0.23710459678043175
0.1725,72.95,0.010420030138363125,6.830138363125848e-06,6.830138363125848e-06,655.9115702306543,143.51333566715934,13772.83306876344,0.26871099991027303,0.042035420055893766,7.854629228146443e-05,0.7312104537974455,-0.6611277161264741,0.7707701463974043,True,0.04999999999999716,0.23703144055834724
0.1775,73.05,0.01042034404934914,7.144049349139953e-06,7.144049349139953e-06,686.057057306107,143.51333566734056,13772.418164667459,0.2679758128404453,0.041920412120564764,7.833139144566862e-05,0.7319458557681091,-0.6641727861987903,0.7729217198060729,True,0.04999999999999716,0.24903280774288344
0.21000000000000002,73.05,0.010405657716711689,-7.5422832883104834e-06,7.5422832883104834e-06,-724.3002427986098,143.51333566856206,13791.856274310932,0.2679758128404453,0.041920412120564764,7.833139144566862e-05,0.7319458557681091,-0.6763667865020686,0.7732590105322383,True,0.04999999999999716,0.2591785297150774
0.20500000000000002,72.95,0.010405298275919532,-7.901724080466854e-06,7.901724080466854e-06,-758.8180463706502,143.5133356684116,13792.332700402969,0.26871099991027303,0.042035420055893766,7.854629228146443e-05,0.7312104537974455,-0.6733095944134728,0.771212571283762,True,0.04999999999999716,0.2633081837025484
0.16999999999999998,72.95,0.010421187241939054,7.987241939054826e-06,7.987241939054826e-06,767.0304938976325,143.51333566705298,13771.303819347715,0.26871099991027303,0.042035420055893766,7.854629228146443e-05,0.7312104537974455,-0.6601906098241397,0.7707152317438581,True,0.04999999999999716,0.26433764545432625
0.175,73.05,0.01042149748210359,8.297482103590548e-06,8.297482103590548e-06,796.8234647937761,143.51333566723687,13770.893857978323,0.2679758128404453,0.041920412120564764,7.833139144566862e-05,0.7319458557681091,-0.6632347474014857,0.7728752190626713,True,0.04999999999999716,0.2774215488738757
0.21250000000000002,73.05,0.01040455111974709,-8.648880252908747e-06,8.648880252908747e-06,-830.5689176150221,143.51333566864693,13793.323134937455,0.2679758128404453,0.041920412120564764,7.833139144566862e-05,0.7319458557681091,-0.6773047477520713,0.7732651624839916,True,0.04999999999999716,0.28786026684799065
0.20750000000000002,72.95,0.01040418833869536,-9.011661304639262e-06,9.011661304639262e-06,-865.4074928589928,143.51333566849863,13793.804090871981,0.26871099991027303,0.042035420055893766,7.854629228146443e-05,0.7312104537974455,-0.6742466232333424,0.7712265235597956,True,0.04999999999999716,0.2933768260637868
0.1675,72.95,0.010422347845683532,9.147845683532899e-06,9.147845683532899e-06,878.485545608737,143.51333566694515,13769.770285145676,0.26871099991027303,0.042035420055893766,7.854629228146443e-05,0.7312104537974455,-0.6592534979871214,0.7706572161570604,True,0.04999999999999716,0.29602366338286834
0.1725,73.05,0.010422654389988104,9.454389988105064e-06,9.454389988105064e-06,907.9235958307786,143.51333566713166,13769.36529767207,0.2679758128404453,0.041920412120564764,7.833139144566862e-05,0.7319458557681091,-0.6622967030646123,0.7728257687607849,True,0.04999999999999716,0.31016586752127934
0.21500000000000002,73.05,0.010403447743299401,-9.752256700598302e-06,9.752256700598302e-06,-936.5283198822939,143.5133356687306,13794.78603726961,0.2679758128404453,0.041920412120564764,7.833139144566862e-05,0.7319458557681091,-0.6782427034633933,0.7732685969259667,True,0.04999999999999716,0.32035370998359636
0.21000000000000002,72.95,0.01040308164424158,-1.0118355758419184e-05,1.0118355758419184e-05,-971.6855297525434,143.5133356685844,13795.271495155801,0.26871099991027303,0.042035420055893766,7.854629228146443e-05,0.7312104537974455,-0.6751836465187502,0.7712377184795963,True,0.04999999999999716,0.3272763737068808
0.165,72.95,0.010423511967759114,1.031196775911486e-05,1.031196775911486e-05,990.2784695496928,143.5133356668357,13768.232445142838,0.26871099991027303,0.042035420055893766,7.854629228146443e-05,0.7312104537974455,-0.6583163806154193,0.7705960754108598,True,0.04999999999999716,0.33212904504229346
0.16999999999999998,73.05,0.010423814790965411,1.0614790965412027e-05,1.0614790965412027e-05,1019.3591754131322,143.5133356670249,13767.83246296851,0.2679758128404453,0.041920412120564764,7.833139144566862e-05,0.7319458557681091,-0.6613586531883922,0.7727732453912657,True,0.04999999999999716,0.34730468896714733
0.21750000000000003,73.05,0.010402347571334711,-1.0852428665287725e-05,1.0852428665287725e-05,-1042.1799893680834,143.51333566881308,13796.244999954282,0.2679758128404453,0.041920412120564764,7.833139144566862e-05,0.7319458557681091,-0.6791806536358127,0.7732693352479788,True,0.04999999999999716,0.3566253524709293
0.21250000000000002,72.95,0.010401978176351986,-1.1221823648013135e-05,1.1221823648013135e-05,-1077.6537133650688,143.51333566866893,13796.734932104964,0.26871099991027303,0.042035420055893766,7.854629228146443e-05,0.7312104537974455,-0.6761206642701403,0.7712461776606284,True,0.04999999999999716,0.3649730048751897
0.1625,72.95,0.010424679626460114,1.1479626460114689e-05,1.1479626460114689e-05,1102.4110225593179,143.5133356667247,13766.690278179534,0.26871099991027303,0.042035420055893766,7.854629228146443e-05,0.7312104537974455,-0.6573792577090334,0.7705317851101132,True,0.04999999999999716,0.37269373521904514
0.1675,73.05,0.01042497870312811,1.1778703128110038e-05,1.1778703128110038e-05,1131.1319410085314,143.51333566691662,13766.295332944339,0.2679758128404453,0.041920412120564764,7.833139144566862e-05,0.7319458557681091,-0.6604205977728252,0.7727176248511227,True,0.04999999999999716,0.3888775594257554
0.22000000000000003,73.05,0.010401250587930892,-1.1949412069106949e-05,1.1949412069106949e-05,-1147.5254551057262,143.51333566889437,13797.700041514267,0.2679758128404453,0.041920412120564764,7.833139144566862e-05,0.7319458557681091,-0.6801185982693294,0.7732673986828386,True,0.04999999999999716,0.3966420080785461
0.21500000000000002,72.95,0.010400877918933725,-1.232208106627386e-05,1.232208106627386e-05,-1183.3135891247514,143.5133356687523,13798.19442044417,0.26871099991027303,0.042035420055893766,7.854629228146443e-05,0.7312104537974455,-0.6770576764870686,0.7712519225641883,True,0.04999999999999716,0.40643322254391095
0.16,72.95,0.010425850840213786,1.2650840213786901e-05,1.2650840213786901e-05,1214.8849742429707,143.51333566661208,13765.143762949641,0.26871099991027303,0.042035420055893766,7.854629228146443e-05,0.7312104537974455,-0.6564421292677416,0.7704643206898485,True,0.04999999999999716,0.417758077366164
0.165,73.05,0.010426146144699824,1.294614469982483e-05,1.294614469982483e-05,1243.2436426674635,143.5133356668068,13764.75388653193,0.2679758128404453,0.041920412120564764,7.833139144566862e-05,0.7319458557681091,-0.6594825368179116,0.77265888286843,True,0.04999999999999716,0.4349244181932548
0.22250000000000003,73.05,0.010400156777276622,-1.3043222723376977e-05,1.3043222723376977e-05,-1252.56623548736,143.51333566897452,13799.151180349305,0.2679758128404453,0.041920412120564764,7.833139144566862e-05,0.7319458557681091,-0.6810565373641655,0.7732628083079575,True,0.04999999999999716,0.4403708074331395
0.21750000000000003,72.95,0.01039978085600632,-1.3419143993678717e-05,1.3419143993678717e-05,-1288.666691668144,143.5133356688345,13799.64997877329,0.26871099991027303,0.042035420055893766,7.854629228146443e-05,0.7312104537974455,-0.6779946831702013,0.7712549744953983,True,0.04999999999999716,0.45162385079363254
0.1575,72.95,0.01042702562758149,1.3825627581490543e-05,1.3825627581490543e-05,1327.70210708433,143.51333566649785,13763.592877999403,0.26871099991027303,0.042035420055893766,7.854629228146443e-05,0.7312104537974455,-0.655504995291766,0.7703936574144626,True,0.04999999999999716,0.46736281824110704
0.1625,73.05,0.01042731713403639,1.4117134036390616e-05,1.4117134036390616e-05,1355.6960431366551,143.51333566669538,13763.208102518092,0.2679758128404453,0.041920412120564764,7.833139144566862e-05,0.7319458557681091,-0.6585444703236512,0.7725969950011113,True,0.04999999999999716,0.4854856022042855
0.22500000000000003,73.05,0.010399066123670416,-1.4133876329583059e-05,1.4133876329583059e-05,-1357.303838357379,143.5133356690535,13800.598434737096,0.2679758128404453,0.041920412120564764,7.833139144566862e-05,0.7319458557681091,-0.6819944709200989,0.7732555850460038,True,0.04999999999999716,0.4877791945017361
0.22000000000000003,72.95,0.010398686971700667,-1.4513028299332348e-05,1.4513028299332348e-05,-1393.7145449364605,143.51333566891546,13801.101625568443,0.26871099991027303,0.042035420055893766,7.854629228146443e-05,0.7312104537974455,-0.6789316843188722,0.7712553546045696,True,0.04999999999999716,0.500512031234597
0.155,72.95,0.010428204007259932,1.5004007259932992e-05,1.5004007259932992e-05,1440.86421656484,143.51333566638195,13762.037601726097,0.26871099991027303,0.042035420055893766,7.854629228146443e-05,0.7312104537974455,-0.6545678557811065,0.7703199546669893,True,0.04999999999999716,0.5215495348044558
0.22749999999999998,73.05,0.010397978611519698,-1.5221388480301037e-05,1.5221388480301037e-05,-1461.7397611013942,143.5133356691314,13802.0418228343,0.2679758128404453,0.041920412120564764,7.833139144566862e-05,0.7319458557681091,-0.6829323989373517,0.7732457496650733,True,0.04999999999999716,0.5388349231157886
0.16,73.05,0.010428491689627043,1.529168962704358e-05,1.529168962704358e-05,1468.4909179736856,143.51333566658235,13761.65795954284,0.2679758128404453,0.041920412120564764,7.833139144566862e-05,0.7319458557681091,-0.657606398290044,0.7725319366370619,True,0.04999999999999716,0.5406018506520697
0.22250000000000003,72.95,0.010397596250258092,-1.5603749741906897e-05,1.5603749741906897e-05,-1498.4586622658644,143.51333566899532,13802.549379183001,0.26871099991027303,0.042035420055893766,7.854629228146443e-05,0.7312104537974455,-0.6798686799335254,0.7712530838875677,True,0.04999999999999716,0.5530652194720647
