p,H0,omega_m_h2,omega_b_h2,omega_c_h2,theta_star,theta_err,theta_abs_err,theta_err_ppm,r_s_Mpc,D_M_Mpc,Omega_m0,Omega_b0,Omega_c0,Omega_r0,Omega_flux0,q0,z_acc,accepted_theta,accepted_omega_window,H0_distance_to_73,score
0.21399999999999997,73.0,0.14400000000000002,0.02237,0.12163000000000002,0.010413211166157395,1.116615739628346e-08,1.116615739628346e-08,1.072307974137005,143.26579669997435,13758.080424373187,0.2702195533871271,0.041977857008819675,0.22824169637830743,7.843873146931883e-05,0.7297020078814036,-0.6742532154383465,0.7671311663521829,True,True,0.0,0.29208426962214884
0.29599999999999993,73.0,0.14700000000000002,0.02237,0.12463000000000002,0.010413174955804398,-2.5044195601023334e-08,2.5044195601023334e-08,-2.4050431760672355,142.53208715199068,13687.668531156485,0.2758491274160256,0.041977857008819675,0.23387127040720593,7.843873146931883e-05,0.7240724338525052,-0.6956161580088374,0.7515067297664416,True,True,0.0,0.2116576178590882
0.26799999999999996,73.0,0.14600000000000002,0.02237,0.12363000000000002,0.010413090896292535,-1.0910370746436415e-07,1.0910370746436415e-07,-10.477442809545977,142.7751835703856,13711.1242946337,0.2739726027397261,0.041977857008819675,0.23199474573090642,7.843873146931883e-05,0.7259489585288046,-0.6883004264938144,0.7568469027187292,True,True,0.0,0.23721482074623432
0.16399999999999998,73.0,0.14200000000000002,0.02237,0.11963000000000001,0.010413049162026074,-1.5083797392546894e-07,1.5083797392546894e-07,-14.485266193434194,143.76241066097788,13805.9859724129,0.2664665040345281,0.041977857008819675,0.22448864702570845,7.843873146931883e-05,0.7334550572340026,-0.6614994665420362,0.7768857781406382,True,True,0.0,0.3518647760895266
0.14,73.0,0.14100000000000001,0.02237,0.11863000000000001,0.010413044455815293,-1.5554418470592468e-07,1.5554418470592468e-07,-14.93721283620066,144.01300907932153,13830.058028696467,0.26458997935822864,0.041977857008819675,0.22261212234940894,7.843873146931883e-05,0.735331581910302,-0.6554265279291585,0.781561963087315,True,True,0.0,0.3834744306929325
0.24,73.0,0.14500000000000002,0.02237,0.12263000000000002,0.010413385996585978,1.8599658597844015e-07,1.8599658597844015e-07,17.861616599934717,143.01974812730137,13734.221335326503,0.2720960780634266,0.041977857008819675,0.23011822105460694,7.843873146931883e-05,0.7278254832051041,-0.6809300930256104,0.7620600347998255,True,True,0.0,0.26408225609122116
0.188,73.0,0.14300000000000002,0.02237,0.12063000000000001,0.010413403742842787,2.0374284278798505e-07,2.0374284278798505e-07,19.565824414011548,143.51334541642902,13781.598117240663,0.2683430287108276,0.041977857008819675,0.22636517170200793,7.843873146931883e-05,0.7315785325577031,-0.6675256735036985,0.7720657854159555,True,True,0.0,0.32141114818036765
0.116,73.0,0.14,0.02237,0.11763000000000001,0.01041341288833735,2.128883373510304e-07,2.128883373510304e-07,20.444084176912998,144.26515758429798,13853.782533281648,0.26271345468192914,0.041977857008819675,0.22073559767310946,7.843873146931883e-05,0.7372081065866015,-0.6493068539269444,0.7860736020761974,True,True,0.0,0.4161535026543468
0.32599999999999996,73.0,0.14800000000000002,0.02237,0.12563000000000002,0.010412857776750425,-3.422232495737393e-07,3.422232495737393e-07,-32.864369221155776,142.29044324075957,13664.879161075472,0.2777256520923251,0.041977857008819675,0.2357477950835054,7.843873146931883e-05,0.7221959091762057,-0.7036174553333154,0.7460066350110797,True,True,0.0,0.1875677533199429
0.32399999999999995,73.0,0.14800000000000002,0.02237,0.12563000000000002,0.01041361384610547,4.1384610547159917e-07,4.1384610547159917e-07,39.742452413436716,142.29044324072595,13663.887037057779,0.2777256520923251,0.041977857008819675,0.2357477950835054,7.843873146931883e-05,0.7221959091762057,-0.7028772926255247,0.7460609253749201,True,True,0.0,0.18775724551746203
0.24199999999999997,73.0,0.14500000000000002,0.02237,0.12263000000000002,0.010412543002377506,-6.569976224932161e-07,6.569976224932161e-07,-63.09276903288289,143.0197481273574,13735.333250936063,0.2720960780634266,0.041977857008819675,0.23011822105460694,7.843873146931883e-05,0.7278254832051041,-0.681676180518286,0.7620505027048735,True,True,0.0,0.2646969866862255
0.19,73.0,0.14300000000000002,0.02237,0.12063000000000001,0.010412498168236467,-7.01831763531835e-07,7.01831763531835e-07,-67.39827944645594,143.51334541650598,13782.796702360658,0.2683430287108276,0.041977857008819675,0.22636517170200793,7.843873146931883e-05,0.7315785325577031,-0.6682757049129009,0.772091716562046,True,True,0.0,0.3221929901285
0.266,73.0,0.14600000000000002,0.02237,0.12363000000000002,0.010413905075109793,7.050751097935348e-07,7.050751097935348e-07,67.70974434309673,142.7751835703378,13710.052332970063,0.2739726027397261,0.041977857008819675,0.23199474573090642,7.843873146931883e-05,0.7259489585288046,-0.6875563106391027,0.7568716040971118,True,True,0.0,0.23804234520310974
0.29399999999999993,73.0,0.14700000000000002,0.02237,0.12463000000000002,0.01041396009815994,7.600981599409362e-07,7.600981599409362e-07,72.9937156629025,142.53208715195038,13686.636573260406,0.2758491274160256,0.041977857008819675,0.23387127040720593,7.843873146931883e-05,0.7240724338525052,-0.6948740170903402,0.7515464164854735,True,True,0.0,0.21265975577030063
0.16199999999999998,73.0,0.14200000000000002,0.02237,0.11963000000000001,0.010413988766192638,7.887661926386791e-07,7.887661926386791e-07,75.74676301604494,143.76241066088764,13804.740324628494,0.2664665040345281,0.041977857008819675,0.22448864702570845,7.843873146931883e-05,0.7334550572340026,-0.6607474628549372,0.776839176112898,True,True,0.0,0.352712075876785
0.118,73.0,0.14,0.02237,0.11763000000000001,0.010412406703695932,-7.932963040670205e-07,7.932963040670205e-07,-76.18179849297243,144.2651575844178,13855.121269246065,0.26271345468192914,0.041977857008819675,0.22073559767310946,7.843873146931883e-05,0.7372081065866015,-0.650062792106775,0.7861610579177818,True,True,0.0,0.4173108109891011
0.29799999999999993,73.0,0.14700000000000002,0.02237,0.12463000000000002,0.010412391521194784,-8.084788052156733e-07,8.084788052156733e-07,-77.63980382741842,142.53208715203053,13688.698399584911,0.2758491274160256,0.041977857008819675,0.23387127040720593,7.843873146931883e-05,0.7240724338525052,-0.6963582954150329,0.7514657118912861,True,True,0.0,0.2126210782428007
0.138,73.0,0.14100000000000001,0.02237,0.11863000000000001,0.01041401768554668,8.176855466803662e-07,8.176855466803662e-07,78.52394525029446,144.01300907921694,13828.76555693664,0.26458997935822864,0.041977857008819675,0.22261212234940894,7.843873146931883e-05,0.735331581910302,-0.6546725553105972,0.7814946569639908,True,True,0.0,0.38433898500385527
0.21599999999999997,73.0,0.14400000000000002,0.02237,0.12163000000000002,0.010412337748693165,-8.622513068337612e-07,8.622513068337612e-07,-82.80368252158426,143.26579670004,13759.234492563502,0.2702195533871271,0.041977857008819675,0.22824169637830743,7.843873146931883e-05,0.7297020078814036,-0.6750012747825931,0.7671384818255315,True,True,0.0,0.29329001271098476
0.21199999999999997,73.0,0.14400000000000002,0.02237,0.12163000000000002,0.01041408662166428,8.866216642811064e-07,8.866216642811064e-07,85.14401569941099,143.2657966999079,13756.923857525253,0.2702195533871271,0.041977857008819675,0.22824169637830743,7.843873146931883e-05,0.7297020078814036,-0.6735051525582616,0.7671221226048416,True,True,0.0,0.29332157972727096
0.26999999999999996,73.0,0.14600000000000002,0.02237,0.12363000000000002,0.010412278529033167,-9.21470966832455e-07,9.21470966832455e-07,-88.49066250839849,142.77518357043283,13712.194038252474,0.2739726027397261,0.041977857008819675,0.23199474573090642,7.843873146931883e-05,0.7259489585288046,-0.689044538828453,0.7568207470026121,True,True,0.0,0.2385001868296417
0.238,73.0,0.14500000000000002,0.02237,0.12263000000000002,0.010414230914862174,1.0309148621746866e-06,1.0309148621746866e-06,99.00077422643248,143.0197481272447,13733.107062485129,0.2720960780634266,0.041977857008819675,0.23011822105460694,7.843873146931883e-05,0.7278254832051041,-0.680184002004868,0.7620679769840603,True,True,0.0,0.26574448576510123
0.16599999999999998,73.0,0.14200000000000002,0.02237,0.11963000000000001,0.010412111842973505,-1.0881570264940216e-06,1.0881570264940216e-06,-104.49785142838144,143.76241066106707,13807.228814784918,0.2664665040345281,0.041977857008819675,0.22448864702570845,7.843873146931883e-05,0.7334550572340026,-0.6622514666779757,0.7769303538980307,True,True,0.0,0.3538298247925969
0.32799999999999996,73.0,0.14800000000000002,0.02237,0.12563000000000002,0.010412103313335261,-1.0966866647380002e-06,1.0966866647380002e-06,-105.31696930223181,142.29044324079274,13665.869321384354,0.2777256520923251,0.041977857008819675,0.2357477950835054,7.843873146931883e-05,0.7221959091762057,-0.7043576145367982,0.7459511329949162,True,True,0.0,0.18919962625277315
0.186,73.0,0.14300000000000002,0.02237,0.12063000000000001,0.010414311478705869,1.1114787058699033e-06,1.1114787058699033e-06,106.73747799618786,143.51334541635114,13780.396880753253,0.2683430287108276,0.041977857008819675,0.22636517170200793,7.843873146931883e-05,0.7315785325577031,-0.6667756385506642,0.7720379804512679,True,True,0.0,0.32325686053363273
0.142,73.0,0.14100000000000001,0.02237,0.11863000000000001,0.010412073644686866,-1.1263553131336812e-06,1.1263553131336812e-06,-108.16610774148977,144.01300907942493,13831.34752921314,0.26458997935822864,0.041977857008819675,0.22261212234940894,7.843873146931883e-05,0.735331581910302,-0.6561804969885667,0.7816270771033109,True,True,0.0,0.3856267603780459
0.32199999999999995,73.0,0.14800000000000002,0.02237,0.12563000000000002,0.010414371527271886,1.171527271887074e-06,1.171527271887074e-06,112.50405945214477,142.29044324069193,13662.892942514973,0.2777256520923251,0.041977857008819675,0.2357477950835054,7.843873146931883e-05,0.7221959091762057,-0.702137126413426,0.7461139965307811,True,True,0.0,0.1897797636498757
0.114,73.0,0.14,0.02237,0.11763000000000001,0.01041442163562789,1.2216356278915014e-06,1.2216356278915014e-06,117.31606306337163,144.26515758417673,13852.440647365716,0.26271345468192914,0.041977857008819675,0.22073559767310946,7.843873146931883e-05,0.7372081065866015,-0.6485509121801893,0.7859837810651179,True,True,0.0,0.41824000742422096
0.24399999999999997,73.0,0.14500000000000002,0.02237,0.12263000000000002,0.010411701924743211,-1.4980752567877315e-06,1.4980752567877315e-06,-143.86310229206504,143.01974812741278,13736.442818011248,0.2720960780634266,0.041977857008819675,0.23011822105460694,7.843873146931883e-05,0.7278254832051041,-0.6824222644833391,0.7620393906239087,True,True,0.0,0.2675731646220195
0.264,73.0,0.14600000000000002,0.02237,0.12363000000000002,0.010414721072419919,1.521072419919875e-06,1.521072419919875e-06,146.07156492911642,142.77518357028944,13708.978145212566,0.2739726027397261,0.041977857008819675,0.23199474573090642,7.843873146931883e-05,0.7259489585288046,-0.6868121912643179,0.7568948420212316,True,True,0.0,0.2409969326567618
0.2919999999999999,73.0,0.14700000000000002,0.02237,0.12463000000000002,0.0104147469546542,1.546954654201016e-06,1.546954654201016e-06,148.5570866017186,142.5320871519096,13685.602518476366,0.2758491274160256,0.041977857008819675,0.23387127040720593,7.843873146931883e-05,0.7240724338525052,-0.6941318726599857,0.7515847637235923,True,True,0.0,0.21564037641671424
0.29999999999999993,73.0,0.14700000000000002,0.02237,0.12463000000000002,0.010411609787971968,-1.5902120280315152e-06,1.5902120280315152e-06,-152.7111769707213,142.53208715206995,13689.72618592856,0.2758491274160256,0.041977857008819675,0.23387127040720593,7.843873146931883e-05,0.7240724338525052,-0.697100429309371,0.7514233711351073,True,True,0.0,0.21553734445028855
0.192,73.0,0.14300000000000002,0.02237,0.12063000000000001,0.010411594746101614,-1.6052538983849646e-06,1.6052538983849646e-06,-154.15567725434684,143.5133454165821,13783.99264630593,0.2683430287108276,0.041977857008819675,0.22636517170200793,7.843873146931883e-05,0.7315785325577031,-0.6690257327787155,0.7721157856141538,True,True,0.0,0.32558366740979783
0.16,73.0,0.14200000000000002,0.02237,0.11963000000000001,0.010414930665005486,1.7306650054865758e-06,1.7306650054865758e-06,166.19915160436523,143.76241066079632,13803.491860377218,0.2664665040345281,0.041977857008819675,0.22448864702570845,7.843873146931883e-05,0.7334550572340026,-0.6599954556162348,0.7767905350605346,True,True,0.0,0.35639236318893475
0.27199999999999996,73.0,0.14600000000000002,0.02237,0.12363000000000002,0.010411467966433956,-1.732033566043123e-06,1.732033566043123e-06,-166.33057715621743,142.77518357047956,13713.26157183401,0.2739726027397261,0.041977857008819675,0.23199474573090642,7.843873146931883e-05,0.7259489585288046,-0.6897886476432404,0.7567931460113649,True,True,0.0,0.24188437446450697
0.21799999999999997,73.0,0.14400000000000002,0.02237,0.12163000000000002,0.010411466361163439,-1.7336388365603306e-06,1.7336388365603306e-06,-166.48473442940985,143.26579670010491,13760.386071505834,0.2702195533871271,0.041977857008819675,0.22824169637830743,7.843873146931883e-05,0.7297020078814036,-0.6757493305914455,0.767144079828365,True,True,0.0,0.29692178894982635
0.20999999999999996,73.0,0.14400000000000002,0.02237,0.12163000000000002,0.010414964123367496,1.7641233674963591e-06,1.7641233674963591e-06,169.4122236676871,143.26579669984073,13755.76478255964,0.2702195533871271,0.041977857008819675,0.22824169637830743,7.843873146931883e-05,0.7297020078814036,-0.6727570861423384,0.7671113397172423,True,True,0.0,0.29701909396656845
0.136,73.0,0.14100000000000001,0.02237,0.11863000000000001,0.01041499334417743,1.7933441774312803e-06,1.7933441774312803e-06,172.21835530204743,144.0130090791111,13827.470101996994,0.26458997935822864,0.041977857008819675,0.22261212234940894,7.843873146931883e-05,0.735331581910302,-0.6539185791326609,0.7814251449418076,True,True,0.0,0.38824305254968083
0.12,73.0,0.14,0.02237,0.11763000000000001,0.010411403070634923,-1.7969293650763052e-06,1.7969293650763052e-06,-172.56264789654526,144.2651575845363,13856.456868088435,0.26271345468192914,0.041977857008819675,0.22073559767310946,7.843873146931883e-05,0.7372081065866015,-0.650818726719903,0.7862461633641233,True,True,0.0,0.42168727004987533
0.32999999999999996,73.0,0.14800000000000002,0.02237,0.12563000000000002,0.01041135045001876,-1.849549981239318e-06,1.849549981239318e-06,-177.61590877341433,142.29044324082562,13666.857524767043,0.2777256520923251,0.041977857008819675,0.2357477950835054,7.843873146931883e-05,0.7221959091762057,-0.7050977702361951,0.7458944268367397,True,True,0.0,0.192641284812278
0.236,73.0,0.14500000000000002,0.02237,0.12263000000000002,0.010415077764740942,1.877764740943269e-06,1.877764740943269e-06,180.32542743280348,143.01974812718737,13731.990423668694,0.2720960780634266,0.041977857008819675,0.23011822105460694,7.843873146931883e-05,0.7278254832051041,-0.6794379074562809,0.7620743192748174,True,True,0.0,0.2696993053669171
0.35,73.0,0.14900000000000002,0.02237,0.12663000000000002,0.010415116764175312,1.9167641753126824e-06,1.9167641753126824e-06,184.07061953219784,142.05023644596204,13638.852032323792,0.2796021767686246,0.041977857008819675,0.23762431975980491,7.843873146931883e-05,0.7203193844999062,-0.7093456436705328,0.740593589199649,True,True,0.0,0.17073392394812048
0.31999999999999995,73.0,0.14800000000000002,0.02237,0.12563000000000002,0.010415130826151642,1.93082615164257e-06,1.93082615164257e-06,185.42101867270102,142.29044324065754,13661.896870596816,0.2777256520923251,0.041977857008819675,0.2357477950835054,7.843873146931883e-05,0.7221959091762057,-0.7013969566972413,0.7461658408771539,True,True,0.0,0.1936470504927161
0.184,73.0,0.14300000000000002,0.02237,0.12063000000000001,0.01041522138466124,2.0213846612399805e-06,2.0213846612399805e-06,194.11752979295323,143.5133454162724,13779.192982650195,0.2683430287108276,0.041977857008819675,0.22636517170200793,7.843873146931883e-05,0.7315785325577031,-0.6660256000544642,0.772008289875695,True,True,0.0,0.32774899331422935
0.16799999999999998,73.0,0.14200000000000002,0.02237,0.11963000000000001,0.010411176799557754,-2.023200442244702e-06,2.023200442244702e-06,-194.2919028007435,143.7624106611553,13808.46886273817,0.2664665040345281,0.041977857008819675,0.22448864702570845,7.843873146931883e-05,0.7334550572340026,-0.6630034632623119,0.7769729160677282,True,True,0.0,0.3585867472956855
0.144,73.0,0.14100000000000001,0.02237,0.11863000000000001,0.010411105241925508,-2.094758074491429e-06,2.094758074491429e-06,-201.16372243800458,144.01300907952714,13832.634070356617,0.26458997935822864,0.041977857008819675,0.22261212234940894,7.843873146931883e-05,0.735331581910302,-0.656934462488822,0.7816900127277923,True,True,0.0,0.3907735287854909
0.112,73.0,0.14,0.02237,0.11763000000000001,0.010415432956702806,2.2329567028068348e-06,2.2329567028068348e-06,214.43520750651433,144.26515758405415,13851.095598595635,0.26271345468192914,0.041977857008819675,0.22073559767310946,7.843873146931883e-05,0.7372081065866015,-0.6477949668662877,0.7858915800300836,True,True,0.0,0.4235951940906981
0.29,73.0,0.14700000000000002,0.02237,0.12463000000000002,0.010415535531713854,2.33553171385438e-06,2.33553171385438e-06,224.28568680658975,142.53208715186835,13684.566359346383,0.2758491274160256,0.041977857008819675,0.23387127040720593,7.843873146931883e-05,0.7240724338525052,-0.6933897247171075,0.751621763106497,True,True,0.0,0.22061245698428256
0.24599999999999997,73.0,0.14500000000000002,0.02237,0.12263000000000002,0.010410862756230556,-2.337243769443692e-06,2.337243769443692e-06,-224.4500988594949,143.01974812746752,13737.550045203981,0.2720960780634266,0.041977857008819675,0.23011822105460694,7.843873146931883e-05,0.7278254832051041,-0.6831683449203254,0.7620267084233993,True,True,0.0,0.2726953926831923
0.262,73.0,0.14600000000000002,0.02237,0.12363000000000002,0.01041553889519541,2.338895195410154e-06,2.338895195410154e-06,224.60868853091787,142.77518357024053,13707.901723270545,0.2739726027397261,0.041977857008819675,0.23199474573090642,7.843873146931883e-05,0.7259489585288046,-0.68606806836946,0.7569166073202119,True,True,0.0,0.24609285992255794
0.30199999999999994,73.0,0.14700000000000002,0.02237,0.12463000000000002,0.010410829749810266,-2.3702501897333167e-06,2.3702501897333167e-06,-227.619770073879,142.5320871521089,13690.751897533093,0.2758491274160256,0.041977857008819675,0.23387127040720593,7.843873146931883e-05,0.7240724338525052,-0.6978425596916296,0.7513797157233681,True,True,0.0,0.22039371521083767
0.194,73.0,0.14300000000000002,0.02237,0.12063000000000001,0.010410693467702818,-2.5065322971813686e-06,2.5065322971813686e-06,-240.7072078881966,143.51334541665733,13785.185959213955,0.2683430287108276,0.041977857008819675,0.22636517170200793,7.843873146931883e-05,0.7315785325577031,-0.6697757571009202,0.7721380042311422,True,True,0.0,0.331564606883076
0.27399999999999997,73.0,0.14600000000000002,0.02237,0.12363000000000002,0.010410659201634179,-2.5407983658201627e-06,2.5407983658201627e-06,-243.9978456017519,142.77518357052574,13714.326903344801,0.2739726027397261,0.041977857008819675,0.23199474573090642,7.843873146931883e-05,0.7259489585288046,-0.6905327529379548,0.756764108754577,True,True,0.0,0.24735341724823245
0.33199999999999996,73.0,0.14800000000000002,0.02237,0.12563000000000002,0.010410599180989764,-2.6008190102348033e-06,2.6008190102348033e-06,-249.7617456915073,142.2904432408581,13667.843777972648,0.2777256520923251,0.041977857008819675,0.2357477950835054,7.843873146931883e-05,0.7221959091762057,-0.7058379224312841,0.7458365240016028,True,True,0.0,0.1978812301312428
0.21999999999999997,73.0,0.14400000000000002,0.02237,0.12163000000000002,0.01041059699550527,-2.603004494729569e-06,2.603004494729569e-06,-249.97162204985682,143.26579670016912,13761.53517055972,0.2702195533871271,0.041977857008819675,0.22824169637830743,7.843873146931883e-05,0.7297020078814036,-0.6764973828644596,0.7671479711016075,True,True,0.0,0.3029627080271572
0.208,73.0,0.14400000000000002,0.02237,0.12163000000000002,0.010415843679466526,2.6436794665265356e-06,2.6436794665265356e-06,253.87771929152765,143.26579669977275,13754.603189965546,0.2702195533871271,0.041977857008819675,0.22824169637830743,7.843873146931883e-05,0.7297020078814036,-0.672009016190799,0.7670988067601829,True,True,0.0,0.3031940953522213
0.348,73.0,0.14900000000000002,0.02237,0.12663000000000002,0.010415849971997843,2.6499719978437253e-06,2.6499719978437253e-06,254.4820034037304,142.05023644593302,13637.89194619963,0.2796021767686246,0.041977857008819675,0.23762431975980491,7.843873146931883e-05,0.7203193844999062,-0.7086074484384799,0.7406574752104435,True,True,0.0,0.1762066971584516
0.158,73.0,0.14200000000000002,0.02237,0.11963000000000001,0.010415874868052441,2.6748680524418117e-06,2.6748680524418117e-06,256.87282030901275,143.762410660704,13802.240568543302,0.2664665040345281,0.041977857008819675,0.22448864702570845,7.843873146931883e-05,0.7334550572340026,-0.6592434448263731,0.7767398421576115,True,True,0.0,0.3629264429398511
0.31799999999999995,73.0,0.14800000000000002,0.02237,0.12563000000000002,0.010415891748677356,2.691748677357067e-06,2.691748677357067e-06,258.4938997961306,142.29044324062272,13660.89881441896,0.2777256520923251,0.041977857008819675,0.2357477950835054,7.843873146931883e-05,0.7221959091762057,-0.7006567834767488,0.7462164507666939,True,True,0.0,0.19937093146979146
0.23399999999999999,73.0,0.14500000000000002,0.02237,0.12263000000000002,0.010415926553798692,2.726553798692438e-06,2.726553798692438e-06,261.83630379637754,143.01974812712936,13730.871410087853,0.2720960780634266,0.041977857008819675,0.23011822105460694,7.843873146931883e-05,0.7278254832051041,-0.6786918093798491,0.7620790516304954,True,True,0.0,0.275962462312976
0.134,73.0,0.14100000000000001,0.02237,0.11863000000000001,0.010415971442064931,2.771442064931906e-06,2.771442064931906e-06,266.14701195904297,144.01300907900406,13826.17165187369,0.26458997935822864,0.041977857008819675,0.22261212234940894,7.843873146931883e-05,0.735331581910302,-0.6531645993957937,0.7813534131528305,True,True,0.0,0.3952094482831603
0.122,73.0,0.14,0.02237,0.11763000000000001,0.01041040197815166,-2.7980218483391467e-06,2.7980218483391467e-06,-268.69952064102745,144.26515758465345,13857.789342565555,0.26271345468192914,0.041977857008819675,0.22073559767310946,7.843873146931883e-05,0.7372081065866015,-0.6515746577656625,0.7863289331101659,True,True,0.0,0.4292584218948836
0.182,73.0,0.14300000000000002,0.02237,0.12063000000000001,0.01041613346959501,2.933469595010549e-06,2.933469595010549e-06,281.7068331550867,143.51334541619266,13777.986412627315,0.2683430287108276,0.041977857008819675,0.22636517170200793,7.843873146931883e-05,0.7315785325577031,-0.6652755580144323,0.7719767018300869,True,True,0.0,0.33490656115664874
0.16999999999999998,73.0,0.14200000000000002,0.02237,0.11963000000000001,0.010410244022356352,-2.955977643647259e-06,2.955977643647259e-06,-283.868325168753,143.76241066124248,13809.70612720584,0.2664665040345281,0.041977857008819675,0.22448864702570845,7.843873146931883e-05,0.7334550572340026,-0.6637554562952666,0.7770134772618688,True,True,0.0,0.366115231736683
0.146,73.0,0.14100000000000001,0.02237,0.11863000000000001,0.010410139237355424,-3.060762644575138e-06,3.060762644575138e-06,-293.9310341273708,144.01300907962826,13833.917663930602,0.26458997935822864,0.041977857008819675,0.22261212234940894,7.843873146931883e-05,0.735331581910302,-0.6576884244297023,0.7817507836006045,True,True,0.0,0.3988924728744092
0.288,73.0,0.14700000000000002,0.02237,0.12463000000000002,0.010416325835799713,3.1258357997138164e-06,3.1258357997138164e-06,300.1801367220275,142.53208715182666,13683.528088374529,0.2758491274160256,0.041977857008819675,0.23387127040720593,7.843873146931883e-05,0.7240724338525052,-0.6926475732623718,0.7516574062095416,True,True,0.0,0.2275890681869741
0.30399999999999994,73.0,0.14700000000000002,0.02237,0.12463000000000002,0.010410051400417224,-3.1485995827754826e-06,3.1485995827754826e-06,-302.3661874136176,142.53208715214737,13691.775541707204,0.2758491274160256,0.041977857008819675,0.23387127040720593,7.843873146931883e-05,0.7240724338525052,-0.6985846865615866,0.7513347538326649,True,True,0.0,0.22717757969418018
0.26,73.0,0.14600000000000002,0.02237,0.12363000000000002,0.010416358550446536,3.1585504465369424e-06,3.1585504465369424e-06,303.32178835871224,142.77518357019107,13706.823059011393,0.2739726027397261,0.041977857008819675,0.23199474573090642,7.843873146931883e-05,0.7259489585288046,-0.685323941954751,0.75693689076926,True,True,0.0,0.25334450907670114
0.24799999999999997,73.0,0.14500000000000002,0.02237,0.12263000000000002,0.010410025489427736,-3.174510572263173e-06,3.174510572263173e-06,-304.85447050504865,143.01974812752167,13738.654941120974,0.2720960780634266,0.041977857008819675,0.23011822105460694,7.843873146931883e-05,0.7278254832051041,-0.683914421829467,0.7620124659125068,True,True,0.0,0.28004838836125373
0.1,73.0,0.139,0.02237,0.11663000000000001,0.010410021416980027,-3.178583019972092e-06,3.178583019972092e-06,-305.2455556382373,144.51887336203927,13882.668207224933,0.26083693000562963,0.041977857008819675,0.21885907299680996,7.843873146931883e-05,0.739084631262901,-0.646172049342363,0.7908308259303962,True,True,0.0,0.4669687920582525
0.11,73.0,0.14,0.02237,0.11763000000000001,0.010416446862764366,3.246862764367045e-06,3.246862764367045e-06,311.80259328228067,144.26515758393012,13849.747373995086,0.26271345468192914,0.041977857008819675,0.22073559767310946,7.843873146931883e-05,0.7372081065866015,-0.6470390179854615,0.7857969840369408,True,True,0.0,0.43224413986081534
0.27599999999999997,73.0,0.14600000000000002,0.02237,0.12363000000000002,0.010409852227809874,-3.347772190125109e-06,3.347772190125109e-06,-321.4931231633992,142.7751835705714,13715.390040710483,0.2739726027397261,0.041977857008819675,0.23199474573090642,7.843873146931883e-05,0.7259489585288046,-0.6912768547128181,0.7567336441878507,True,True,0.0,0.25489345048765916
0.33399999999999996,73.0,0.14800000000000002,0.02237,0.12563000000000002,0.010409849500466993,-3.35049953300616e-06,3.35049953300616e-06,-321.75503524432065,142.2904432408902,13668.828087717016,0.2777256520923251,0.041977857008819675,0.2357477950835054,7.843873146931883e-05,0.7221959091762057,-0.7065780711222871,0.745777431909444,True,True,0.0,0.20490804332079776
0.346,73.0,0.14900000000000002,0.02237,0.12663000000000002,0.010416584713784396,3.3847137843965452e-06,3.3847137843965452e-06,325.04069684597874,142.0502364459037,13636.92998703566,0.2796021767686246,0.041977857008819675,0.23762431975980491,7.843873146931883e-05,0.7203193844999062,-0.7078692497101127,0.7407202298587915,True,True,0.0,0.18341440245941182
0.19599999999999998,73.0,0.14300000000000002,0.02237,0.12063000000000001,0.010409794324354186,-3.4056756458133303e-06,3.4056756458133303e-06,-327.05370547126057,143.51334541673174,13786.376651167426,0.2683430287108276,0.041977857008819675,0.22636517170200793,7.843873146931883e-05,0.7315785325577031,-0.6705257778795151,0.7721583840050597,True,True,0.0,0.34011737991051805
0.31599999999999995,73.0,0.14800000000000002,0.02237,0.12563000000000002,0.010416654300812534,3.454300812534561e-06,3.454300812534561e-06,331.7232755094074,142.29044324058756,13659.898767062707,0.2777256520923251,0.041977857008819675,0.2357477950835054,7.843873146931883e-05,0.7221959091762057,-0.6999166067519482,0.7462658185059982,True,True,0.0,0.20696331533674095
0.22199999999999998,73.0,0.14400000000000002,0.02237,0.12163000000000002,0.010409729643700598,-3.47035629940165e-06,3.47035629940165e-06,-333.26511537295454,143.26579670023258,13762.68179903493,0.2702195533871271,0.041977857008819675,0.22824169637830743,7.843873146931883e-05,0.7297020078814036,-0.6772454316016354,0.7671501663244991,True,True,0.0,0.311396008213381
0.206,73.0,0.14400000000000002,0.02237,0.12163000000000002,0.010416725298207044,3.5252982070448774e-06,3.5252982070448774e-06,338.54129441909095,143.265796699704,13753.439070181039,0.2702195533871271,0.041977857008819675,0.22824169637830743,7.843873146931883e-05,0.7297020078814036,-0.6712609427034213,0.7670845390222969,True,True,0.0,0.31186405897633707
0.23199999999999998,73.0,0.14500000000000002,0.02237,0.12263000000000002,0.01041677728965372,3.5772896537205473e-06,3.5772896537205473e-06,343.53413491727304,143.01974812707073,13729.750012906828,0.2720960780634266,0.041977857008819675,0.23011822105460694,7.843873146931883e-05,0.7278254832051041,-0.6779457077755726,0.7620821639510325,True,True,0.0,0.2845498228163958
0.156,73.0,0.14200000000000002,0.02237,0.11963000000000001,0.010416821384977194,3.621384977194747e-06,3.621384977194747e-06,347.7686952324691,143.76241066061058,13800.986437949308,0.2664665040345281,0.041977857008819675,0.22448864702570845,7.843873146931883e-05,0.7334550572340026,-0.6584914304849079,0.7766870845063272,True,True,0.0,0.3723352874730831
0.132,73.0,0.14100000000000001,0.02237,0.11863000000000001,0.010416951989627967,3.7519896279678694e-06,3.7519896279678694e-06,360.3109157576796,144.01300907889583,13824.870194495265,0.26458997935822864,0.041977857008819675,0.22261212234940894,7.843873146931883e-05,0.735331581910302,-0.6524106160993295,0.7812794476526925,True,True,0.0,0.4052611746400323
0.124,73.0,0.14,0.02237,0.11763000000000001,0.010409403415309042,-3.7965846909574635e-06,3.7965846909574635e-06,-364.59346703774673,144.26515758476924,13859.118705362058,0.26271345468192914,0.041977857008819675,0.22073559767310946,7.843873146931883e-05,0.7372081065866015,-0.6523305852444974,0.7864093817703085,True,True,0.0,0.44000001105868713
0.18,73.0,0.14300000000000002,0.02237,0.12063000000000001,0.010417047742444265,3.84774244426532e-06,3.84774244426532e-06,369.5062463282488,143.5133454161121,13776.777160324122,0.2683430287108276,0.041977857008819675,0.22636517170200793,7.843873146931883e-05,0.7315785325577031,-0.6645255124307905,0.7719432043879836,True,True,0.0,0.3447487285662747
0.172,73.0,0.14200000000000002,0.02237,0.11963000000000001,0.010409313502001168,-3.886497998831229e-06,3.886497998831229e-06,-373.2280181722457,143.76241066132872,13810.940619061066,0.2664665040345281,0.041977857008819675,0.22448864702570845,7.843873146931883e-05,0.7334550572340026,-0.6645074457770619,0.7770520500212075,True,True,0.0,0.37639512757658783
0.286,73.0,0.14700000000000002,0.02237,0.12463000000000002,0.010417117873406918,3.91787340691882e-06,3.91787340691882e-06,376.2410600890044,142.53208715178442,13682.48769802672,0.2758491274160256,0.041977857008819675,0.23387127040720593,7.843873146931883e-05,0.7240724338525052,-0.6919054182953346,0.7516916845579482,True,True,0.0,0.23658337505838734
0.30599999999999994,73.0,0.14700000000000002,0.02237,0.12463000000000002,0.010409274733533378,-3.9252664666214465e-06,3.9252664666214465e-06,-376.95103009847566,142.53208715218545,13692.797125722864,0.2758491274160256,0.041977857008819675,0.23387127040720593,7.843873146931883e-05,0.7240724338525052,-0.699326809919464,0.7512884935903457,True,True,0.0,0.23587641675575072
0.258,73.0,0.14600000000000002,0.02237,0.12363000000000002,0.010417180045221578,3.980045221578868e-06,3.980045221578868e-06,382.21154127250685,142.77518357014102,13705.74214426032,0.2739726027397261,0.041977857008819675,0.23199474573090642,7.843873146931883e-05,0.7259489585288046,-0.6845798120197468,0.756955683088868,True,True,0.0,0.2627663683642348
0.24999999999999997,73.0,0.14500000000000002,0.02237,0.12263000000000002,0.010409190116963393,-4.00988303660664e-06,4.00988303660664e-06,-385.0769251149157,143.01974812757518,13739.757514324028,0.2720960780634266,0.041977857008819675,0.23011822105460694,7.843873146931883e-05,0.7278254832051041,-0.684660495210986,0.7619966728421679,True,True,0.0,0.2896169828551076
0.148,73.0,0.14100000000000001,0.02237,0.11863000000000001,0.010409175620860465,-4.024379139534046e-06,4.024379139534046e-06,-386.46901428322184,144.01300907972814,13835.198321672991,0.26458997935822864,0.041977857008819675,0.22261212234940894,7.843873146931883e-05,0.735331581910302,-0.6584423828116517,0.7818094032863209,True,True,0.0,0.40996151012534965
0.33599999999999997,73.0,0.14800000000000002,0.02237,0.12563000000000002,0.010409101402698854,-4.098597301145299e-06,4.098597301145299e-06,-393.59632976849565,142.29044324092195,13669.810460682911,0.2777256520923251,0.041977857008819675,0.2357477950835054,7.843873146931883e-05,0.7221959091762057,-0.7073182163092042,0.7457171579355678,True,True,0.0,0.21371038481900417
0.344,73.0,0.14900000000000002,0.02237,0.12663000000000002,0.010417320995047679,4.120995047679488e-06,4.120995047679488e-06,395.7472292551269,142.05023644587402,13635.966148437175,0.2796021767686246,0.041977857008819675,0.23762431975980491,7.843873146931883e-05,0.7203193844999062,-0.7071310474854311,0.7407818461183956,True,True,0.0,0.19236791620991284
0.27799999999999997,73.0,0.14600000000000002,0.02237,0.12363000000000002,0.010409047038173578,-4.1529618264209145e-06,4.1529618264209145e-06,-398.81706165452647,142.77518357061655,13716.450991816113,0.2739726027397261,0.041977857008819675,0.23199474573090642,7.843873146931883e-05,0.7259489585288046,-0.6920209529678303,0.7567017612141997,True,True,0.0,0.26449071033594695
0.10200000000000001,73.0,0.139,0.02237,0.11663000000000001,0.010408988584812663,-4.2114151873363925e-06,4.2114151873363925e-06,-404.43045243886536,144.51887336217197,13884.045715357364,0.26083693000562963,0.041977857008819675,0.21885907299680996,7.843873146931883e-05,0.739084631262901,-0.6469299425401189,0.7909330074267692,True,True,0.0,0.47944939100980016
0.31399999999999995,73.0,0.14800000000000002,0.02237,0.12563000000000002,0.010417418488551749,4.21848855174968e-06,4.21848855174968e-06,405.109721483279,142.29044324055195,13658.896721574778,0.2777256520923251,0.041977857008819675,0.2357477950835054,7.843873146931883e-05,0.7221959091762057,-0.6991764265230618,0.746313936355254,True,True,0.0,0.21643619487067195
0.108,73.0,0.14,0.02237,0.11763000000000001,0.010417463365082362,4.263365082362788e-06,4.263365082362788e-06,409.4193026507499,144.26515758380464,13848.395960513566,0.26271345468192914,0.041977857008819675,0.22073559767310946,7.843873146931883e-05,0.7372081065866015,-0.6462830655374887,0.7856999780706818,True,True,0.0,0.44421213237608004
0.19799999999999998,73.0,0.14300000000000002,0.02237,0.12063000000000001,0.010408897307419009,-4.302692580990253e-06,4.302692580990253e-06,-413.19599940366584,143.51334541680527,13787.564732194562,0.2683430287108276,0.041977857008819675,0.22636517170200793,7.843873146931883e-05,0.7315785325577031,-0.6712757951147221,0.7721769364619074,True,True,0.0,0.35122370105173994
0.22399999999999998,73.0,0.14400000000000002,0.02237,0.12163000000000002,0.01040886429777592,-4.335702224078641e-06,4.335702224078641e-06,-416.3659801097301,143.26579670029528,13763.825966191827,0.2702195533871271,0.041977857008819675,0.22824169637830743,7.843873146931883e-05,0.7297020078814036,-0.677993476803417,0.7671506761136059,True,True,0.0,0.32220505521806575
0.204,73.0,0.14400000000000002,0.02237,0.12163000000000002,0.010417608987881185,4.408987881185725e-06,4.408987881185725e-06,423.40374536028554,143.26579669963445,13752.272413592764,0.2702195533871271,0.041977857008819675,0.22824169637830743,7.843873146931883e-05,0.7297020078814036,-0.6705128656804273,0.7670685236257897,True,True,0.0,0.3230465314727973
0.22999999999999998,73.0,0.14500000000000002,0.02237,0.12263000000000002,0.01041762997996647,4.4299799664710565e-06,4.4299799664710565e-06,425.41965644288564,143.0197481270114,13728.626223243124,0.2720960780634266,0.041977857008819675,0.23011822105460694,7.843873146931883e-05,0.7278254832051041,-0.6771996026432294,0.7620836460770385,True,True,0.0,0.2954773729340598
0.154,73.0,0.14200000000000002,0.02237,0.11963000000000001,0.010417770225479772,4.570225479772622e-06,4.570225479772622e-06,438.88770788735667,143.7624106605161,13799.729457355677,0.2664665040345281,0.041977857008819675,0.22448864702570845,7.843873146931883e-05,0.7334550572340026,-0.6577394125920613,0.776632249136882,True,True,0.0,0.38464003812961234
0.30799999999999994,73.0,0.14700000000000002,0.02237,0.12463000000000002,0.010408499742932046,-4.700257067953573e-06,4.700257067953573e-06,-451.3748960889614,142.53208715222308,13693.816656815537,0.2758491274160256,0.041977857008819675,0.23387127040720593,7.843873146931883e-05,0.7240724338525052,-0.7000689297654841,0.75124094307539,True,True,0.0,0.24647779419153948
0.284,73.0,0.14700000000000002,0.02237,0.12463000000000002,0.010417911651065212,4.711651065213152e-06,4.711651065213152e-06,452.46908397160837,142.53208715174173,13681.445180730449,0.2758491274160256,0.041977857008819675,0.23387127040720593,7.843873146931883e-05,0.7240724338525052,-0.6911632598162178,0.7517245896262293,True,True,0.0,0.2476086377502122
0.13,73.0,0.14100000000000001,0.02237,0.11863000000000001,0.010417934997347184,4.734997347185035e-06,4.734997347185035e-06,454.71107317491607,144.01300907878635,13823.565717722151,0.26458997935822864,0.041977857008819675,0.22261212234940894,7.843873146931883e-05,0.735331581910302,-0.6516566292437123,0.7812032344204864,True,True,0.0,0.4184214233271272
0.178,73.0,0.14300000000000002,0.02237,0.12063000000000001,0.010417964212197376,4.764212197376841e-06,4.764212197376841e-06,457.5166324834673,143.51334541603057,13775.565215323433,0.2683430287108276,0.041977857008819675,0.22636517170200793,7.843873146931883e-05,0.7315785325577031,-0.6637754633035389,0.7719077855558021,True,True,0.0,0.3572948112968247
0.126,73.0,0.14,0.02237,0.11763000000000001,0.01040840737123507,-4.792628764929002e-06,4.792628764929002e-06,-460.2455311459496,144.26515758488372,13860.444969090895,0.26271345468192914,0.041977857008819675,0.22073559767310946,7.843873146931883e-05,0.7372081065866015,-0.6530865091564078,0.7864875238806089,True,True,0.0,0.45388798262134233
0.256,73.0,0.14600000000000002,0.02237,0.12363000000000002,0.010418003386607118,4.803386607118987e-06,4.803386607118987e-06,461.2786278107582,142.7751835700904,13704.658970800037,0.2739726027397261,0.041977857008819675,0.23199474573090642,7.843873146931883e-05,0.7259489585288046,-0.6838356785648916,0.756972974944581,True,True,0.0,0.2743730331178432
0.174,73.0,0.14200000000000002,0.02237,0.11963000000000001,0.010408385229177997,-4.814770822002268e-06,4.814770822002268e-06,-462.3718762726413,143.76241066141392,13812.172349117363,0.2664665040345281,0.041977857008819675,0.22448864702570845,7.843873146931883e-05,0.7334550572340026,-0.6652594317074758,0.7770886468161023,True,True,0.0,0.389406444115
0.252,73.0,0.14500000000000002,0.02237,0.12263000000000002,0.01040835663150634,-4.843368493658365e-06,4.843368493658365e-06,-465.1181667170865,143.01974812762805,13740.857773330317,0.2720960780634266,0.041977857008819675,0.23011822105460694,7.843873146931883e-05,0.7278254832051041,-0.6854065650646604,0.7619793389068023,True,True,0.0,0.30138612008695453
0.33799999999999997,73.0,0.14800000000000002,0.02237,0.12563000000000002,0.010408354881963223,-4.845118036776383e-06,4.845118036776383e-06,-465.2861787708277,142.2904432409533,13670.79090352024,0.2777256520923251,0.041977857008819675,0.2357477950835054,7.843873146931883e-05,0.7221959091762057,-0.7080583579918134,0.7456557094102358,True,True,0.0,0.2242769937443468
0.34199999999999997,73.0,0.14900000000000002,0.02237,0.12663000000000002,0.01041805882132855,4.858821328550256e-06,4.858821328550256e-06,466.60213273059736,142.05023644584398,13635.000423978141,0.2796021767686246,0.041977857008819675,0.23762431975980491,7.843873146931883e-05,0.7203193844999062,-0.7063928417639911,0.7408423169203535,True,True,0.0,0.20307818981602144
0.27999999999999997,73.0,0.14600000000000002,0.02237,0.12363000000000002,0.010408243625974097,-4.956374025902668e-06,4.956374025902668e-06,-475.9703094056264,142.77518357066117,13717.5097645064,0.2739726027397261,0.041977857008819675,0.23199474573090642,7.843873146931883e-05,0.7259489585288046,-0.6927650477027694,0.7566684686831476,True,True,0.0,0.27613153293291337
0.31199999999999994,73.0,0.14800000000000002,0.02237,0.12563000000000002,0.01041818431792086,4.984317920861056e-06,4.984317920861056e-06,478.65381639275694,142.29044324051594,13657.892670967123,0.2777256520923251,0.041977857008819675,0.2357477950835054,7.843873146931883e-05,0.7221959091762057,-0.6984362427896453,0.7463607965280954,True,True,0.0,0.22780164756694588
0.15,73.0,0.14100000000000001,0.02237,0.11863000000000001,0.010408214382383717,-4.985617616281787e-06,4.985617616281787e-06,-478.7786286906799,144.0130090798269,13836.476055256335,0.26458997935822864,0.041977857008819675,0.22261212234940894,7.843873146931883e-05,0.735331581910302,-0.6591963376344481,0.7818658852740602,True,True,0.0,0.4239587368446105
0.19999999999999998,73.0,0.14300000000000002,0.02237,0.12063000000000001,0.010408002408309417,-5.1975916905821345e-06,5.1975916905821345e-06,-499.1349143953957,143.513345416878,13788.750212269504,0.2683430287108276,0.041977857008819675,0.22636517170200793,7.843873146931883e-05,0.7315785325577031,-0.6720258088063193,0.7721936730616914,True,True,0.0,0.36486542676961664
0.22599999999999998,73.0,0.14400000000000002,0.02237,0.12163000000000002,0.010408000949802022,-5.199050197976854e-06,5.199050197976854e-06,-499.2749777183627,143.26579670035733,13764.967681241658,0.2702195533871271,0.041977857008819675,0.22824169637830743,7.843873146931883e-05,0.7297020078814036,-0.6787415184693604,0.7671495110240838,True,True,0.0,0.3353733410631742
0.10400000000000001,73.0,0.139,0.02237,0.11663000000000001,0.010407958411726526,-5.241588273472916e-06,5.241588273472916e-06,-503.35999245889036,144.51887336230317,13885.41994936062,0.26083693000562963,0.041977857008819675,0.21885907299680996,7.843873146931883e-05,0.739084631262901,-0.6476878321629567,0.7910327072108535,True,True,0.0,0.4952925987072224
0.10600000000000001,73.0,0.14,0.02237,0.11763000000000001,0.0104184824749946,5.282474994601494e-06,5.282474994601494e-06,507.286424403785,144.2651575836777,13847.041345025871,0.26271345468192914,0.041977857008819675,0.22073559767310946,7.843873146931883e-05,0.7372081065866015,-0.6455271095223694,0.7856005470358132,True,True,0.0,0.4595246717579343
0.22799999999999998,73.0,0.14500000000000002,0.02237,0.12263000000000002,0.010418484632439837,5.284632439837844e-06,5.284632439837844e-06,507.4936080972078,143.01974812695138,13727.500032167203,0.2720960780634266,0.041977857008819675,0.23011822105460694,7.843873146931883e-05,0.7278254832051041,-0.6764534939832636,0.7620834877903493,True,True,0.0,0.30876121962749564
0.20199999999999999,73.0,0.14400000000000002,0.02237,0.12163000000000002,0.010418494756827903,5.2947568279036045e-06,5.2947568279036045e-06,508.4658729212543,143.2657966995641,13751.103210535564,0.2702195533871271,0.041977857008819675,0.22824169637830743,7.843873146931883e-05,0.7297020078814036,-0.669764785121373,0.7670507305843639,True,True,0.0,0.33675915700644077
0.30999999999999994,73.0,0.14700000000000002,0.02237,0.12463000000000002,0.010407726422419102,-5.473577580896935e-06,5.473577580896935e-06,-525.6383802190427,142.5320871522603,13694.834142184445,0.2758491274160256,0.041977857008819675,0.23387127040720593,7.843873146931883e-05,0.7240724338525052,-0.7008110460994246,0.7511921103179375,True,True,0.0,0.2589693679975655
0.282,73.0,0.14700000000000002,0.02237,0.12463000000000002,0.010418707175339135,5.507175339135653e-06,5.507175339135653e-06,528.8648387753672,142.5320871516986,13680.400528874552,0.2758491274160256,0.041977857008819675,0.23387127040720593,7.843873146931883e-05,0.7240724338525052,-0.6904210978247995,0.7517561128382424,True,True,0.0,0.2606782123388993
0.152,73.0,0.14200000000000002,0.02237,0.11963000000000001,0.010418721399316915,5.52139931691599e-06,5.52139931691599e-06,530.2307952325884,143.76241066042056,13798.469615460308,0.2664665040345281,0.041977857008819675,0.22448864702570845,7.843873146931883e-05,0.7334550572340026,-0.6569873911476112,0.7765753230073253,True,True,0.0,0.3998620068317602
0.33999999999999997,73.0,0.14800000000000002,0.02237,0.12563000000000002,0.010407609932567275,-5.590067432724097e-06,5.590067432724097e-06,-536.825128944426,142.29044324098433,13671.769422846262,0.2777256520923251,0.041977857008819675,0.2357477950835054,7.843873146931883e-05,0.7221959091762057,-0.7087984961705587,0.7455930936198193,True,True,0.0,0.23659668725772082
0.33999999999999997,73.0,0.14900000000000002,0.02237,0.12663000000000002,0.010418798198196223,5.598198196224077e-06,5.598198196224077e-06,537.6059420950406,142.05023644581362,13634.032807200967,0.2796021767686246,0.041977857008819675,0.23762431975980491,7.843873146931883e-05,0.7203193844999062,-0.7056546325464588,0.7409016351529079,True,True,0.0,0.21555625034040676
0.254,73.0,0.14600000000000002,0.02237,0.12363000000000002,0.01041882858172827,5.628581728270299e-06,5.628581728270299e-06,540.5237322120289,142.77518357003925,13703.573530370511,0.2739726027397261,0.041977857008819675,0.23199474573090642,7.843873146931883e-05,0.7259489585288046,-0.6830915415899632,0.7569887569475942,True,True,0.0,0.28817920668677477
0.254,73.0,0.14500000000000002,0.02237,0.12263000000000002,0.010407525025765297,-5.674974234702243e-06,5.674974234702243e-06,-544.9788955078404,143.01974812768037,13741.955726612696,0.2720960780634266,0.041977857008819675,0.23011822105460694,7.843873146931883e-05,0.7278254832051041,-0.68615263139049,0.7619604737429023,True,True,0.0,0.31534085572134085
0.176,73.0,0.14300000000000002,0.02237,0.12063000000000001,0.010418882887894415,5.682887894415886e-06,5.682887894415886e-06,545.738859756452,143.51334541594812,13774.350567150985,0.2683430287108276,0.041977857008819675,0.22636517170200793,7.843873146931883e-05,0.7315785325577031,-0.6630254106324553,0.7718704332710221,True,True,0.0,0.37256427773840384
0.128,73.0,0.14100000000000001,0.02237,0.11863000000000001,0.010418920475765522,5.720475765523189e-06,5.720475765523189e-06,549.348496669918,144.01300907867557,13822.258209346233,0.26458997935822864,0.041977857008819675,0.22261212234940894,7.843873146931883e-05,0.735331581910302,-0.6509026388289421,0.7811247593581029,True,True,0.0,0.4347135771281176
0.176,73.0,0.14200000000000002,0.02237,0.11963000000000001,0.010407459194626207,-5.740805373792568e-06,5.740805373792568e-06,-551.3007887865948,143.76241066149817,13813.401328129014,0.2664665040345281,0.041977857008819675,0.22448864702570845,7.843873146931883e-05,0.7334550572340026,-0.6660114140865083,0.7771232800463193,True,True,0.0,0.4051293490177134
0.30999999999999994,73.0,0.14800000000000002,0.02237,0.12563000000000002,0.010418951794977212,5.7517949772125515e-06,5.7517949772125515e-06,552.3561419364414,142.29044324047953,13656.88660821669,0.2777256520923251,0.041977857008819675,0.2357477950835054,7.843873146931883e-05,0.7221959091762057,-0.697696055552143,0.7464063911914568,True,True,0.0,0.24107183634249807
0.282,73.0,0.14600000000000002,0.02237,0.12363000000000002,0.010407441984496252,-5.758015503747396e-06,5.758015503747396e-06,-552.9535112883068,142.77518357070528,13718.566366585994,0.2739726027397261,0.041977857008819675,0.23199474573090642,7.843873146931883e-05,0.7259489585288046,-0.6935091389178574,0.7566337753921334,True,True,0.0,0.28980235355867073
0.128,73.0,0.14,0.02237,0.11763000000000001,0.010407413835122352,-5.786164877646938e-06,5.786164877646938e-06,-555.6567508207792,144.2651575849969,13861.768146293845,0.26271345468192914,0.041977857008819675,0.22073559767310946,7.843873146931883e-05,0.7372081065866015,-0.6538424295011716,0.7865634213273006,True,True,0.0,0.4708986015270742
0.152,73.0,0.14100000000000001,0.02237,0.11863000000000001,0.010407255511927062,-5.944488072937015e-06,5.944488072937015e-06,-570.8608374886697,144.01300907992456,13837.750876288263,0.26458997935822864,0.041977857008819675,0.22261212234940894,7.843873146931883e-05,0.735331581910302,-0.6599502888980915,0.7819202429776532,True,True,0.0,0.4408624264877399
0.22799999999999998,73.0,0.14400000000000002,0.02237,0.12163000000000002,0.010407139591893625,-6.060408106373788e-06,6.060408106373788e-06,-581.9928654375013,143.26579670041863,13766.106953346898,0.2702195533871271,0.041977857008819675,0.22824169637830743,7.843873146931883e-05,0.7297020078814036,-0.6794895565996875,0.767146681549834,True,True,0.0,0.35088448296612124
0.20199999999999999,73.0,0.14300000000000002,0.02237,0.12063000000000001,0.01040710961848603,-6.0903815139699835e-06,6.0903815139699835e-06,-584.8712704999408,143.51334541694982,13789.933101312656,0.2683430287108276,0.041977857008819675,0.22636517170200793,7.843873146931883e-05,0.7315785325577031,-0.6727758189545288,0.7722086051987931,True,True,0.0,0.3810245541503186
0.22599999999999998,73.0,0.14500000000000002,0.02237,0.12263000000000002,0.010419341254819466,6.1412548194670485e-06,6.1412548194670485e-06,589.7567337098153,143.0197481268907,13726.371430702198,0.2720960780634266,0.041977857008819675,0.23011822105460694,7.843873146931883e-05,0.7278254832051041,-0.675707381795009,0.762081678813083,True,True,0.0,0.32441759183136054
0.19999999999999998,73.0,0.14400000000000002,0.02237,0.12163000000000002,0.010419382613433276,6.182613433276807e-06,6.182613433276807e-06,593.7284824335273,143.26579669949297,13749.931451292166,0.2702195533871271,0.041977857008819675,0.22824169637830743,7.843873146931883e-05,0.7297020078814036,-0.6690167010267025,0.7670311487449396,True,True,0.0,0.3530197589362012
0.31199999999999994,73.0,0.14700000000000002,0.02237,0.12463000000000002,0.010406954765832786,-6.245234167213606e-06,6.245234167213606e-06,-599.742074214805,142.53208715229707,13695.849588992747,0.2758491274160256,0.041977857008819675,0.23387127040720593,7.843873146931883e-05,0.7240724338525052,-0.7015531589212856,0.7511420033002066,True,True,0.0,0.2733388816387257
0.10600000000000001,73.0,0.139,0.02237,0.11663000000000001,0.010406930886095848,-6.269113904151455e-06,6.269113904151455e-06,-602.0352921437651,144.51887336243286,13886.790922722175,0.26083693000562963,0.041977857008819675,0.21885907299680996,7.843873146931883e-05,0.739084631262901,-0.6484457182113204,0.7911299408222571,True,True,0.0,0.5144723797243032
0.10400000000000001,73.0,0.14,0.02237,0.11763000000000001,0.010419504203907404,6.304203907405229e-06,6.304203907405229e-06,605.4050539128442,144.26515758354935,13845.683514331582,0.26271345468192914,0.041977857008819675,0.22073559767310946,7.843873146931883e-05,0.7372081065866015,-0.6447711499401034,0.7854986757563036,True,True,0.0,0.47820747267450725
0.27999999999999997,73.0,0.14700000000000002,0.02237,0.12463000000000002,0.010419504452828278,6.3044528282787254e-06,6.3044528282787254e-06,605.4289582720706,142.5320871516549,13679.353734808943,0.2758491274160256,0.041977857008819675,0.23387127040720593,7.843873146931883e-05,0.7240724338525052,-0.6896789323213017,0.7517862455670299,True,True,0.0,0.27580555164047976
0.34199999999999997,73.0,0.14800000000000002,0.02237,0.12563000000000002,0.010406866548847302,-6.333451152697525e-06,6.333451152697525e-06,-608.2137241863717,142.290443241015,13672.74602524576,0.2777256520923251,0.041977857008819675,0.2357477950835054,7.843873146931883e-05,0.7221959091762057,-0.709538630844996,0.7455293178061386,True,True,0.0,0.2506583599270046
0.33799999999999997,73.0,0.14900000000000002,0.02237,0.12663000000000002,0.010419539131248422,6.339131248422891e-06,6.339131248422891e-06,608.7591949086632,142.0502364457829,13633.063291616343,0.2796021767686246,0.041977857008819675,0.23762431975980491,7.843873146931883e-05,0.7203193844999062,-0.7049164198323901,0.7409597936612061,True,True,0.0,0.22981320111666523
0.252,73.0,0.14600000000000002,0.02237,0.12363000000000002,0.010419655637748965,6.455637748965445e-06,6.455637748965445e-06,619.9475424428078,142.77518356998743,13702.485814668653,0.2739726027397261,0.041977857008819675,0.23199474573090642,7.843873146931883e-05,0.7259489585288046,-0.6823474010947397,0.7570030196531434,True,True,0.0,0.30419970137114427
0.15,73.0,0.14200000000000002,0.02237,0.11963000000000001,0.010419674916302484,6.474916302484646e-06,6.474916302484646e-06,621.7988997123504,143.76241066032384,13797.206900898136,0.2664665040345281,0.041977857008819675,0.22448864702570845,7.843873146931883e-05,0.7334550572340026,-0.6562353661517797,0.7765162930029593,True,True,0.0,0.4180226776829121
0.256,73.0,0.14500000000000002,0.02237,0.12263000000000002,0.010406695292488598,-6.504707511401087e-06,6.504707511401087e-06,-624.6598078785663,143.01974812773207,13743.051382599975,0.2720960780634266,0.041977857008819675,0.23011822105460694,7.843873146931883e-05,0.7278254832051041,-0.686898694188697,0.7619400869308764,True,True,0.0,0.3314663562010741
0.30799999999999994,73.0,0.14800000000000002,0.02237,0.12563000000000002,0.010419720925809851,6.520925809851835e-06,6.520925809851835e-06,626.2172828575111,142.2904432404427,13655.878526265182,0.2777256520923251,0.041977857008819675,0.2357477950835054,7.843873146931883e-05,0.7221959091762057,-0.6969558648101106,0.7464507124651694,True,True,0.0,0.2562590102456582
0.284,73.0,0.14600000000000002,0.02237,0.12363000000000002,0.010406642107060634,-6.557892939365595e-06,6.557892939365595e-06,-629.7673087394456,142.77518357074888,13719.620805819743,0.2739726027397261,0.041977857008819675,0.23199474573090642,7.843873146931883e-05,0.7259489585288046,-0.6942532266130943,0.7565976900860545,True,True,0.0,0.3054897057918578
0.174,73.0,0.14300000000000002,0.02237,0.12063000000000001,0.010419803778627482,6.6037786274827925e-06,6.6037786274827925e-06,634.173801279414,143.51334541586468,13773.133205275057,0.2683430287108276,0.041977857008819675,0.22636517170200793,7.843873146931883e-05,0.7315785325577031,-0.6622753544182061,0.7718311354042033,True,True,0.0,0.39057675032809114
0.178,73.0,0.14200000000000002,0.02237,0.11963000000000001,0.010406535389138346,-6.664610861652903e-06,6.664610861652903e-06,-640.0156399236454,143.7624106615815,13814.62756679146,0.2664665040345281,0.041977857008819675,0.22448864702570845,7.843873146931883e-05,0.7334550572340026,-0.6667633929141594,0.7771559620414893,True,True,0.0,0.42354416686161395
