V_ref,n,Point_MAE,Galaxy_MAE
80.0,1.0,19.769930968015494,18.959266013311655
80.0,1.25,19.750858049927622,18.940194399740733
80.0,1.5,19.744268671787918,18.928448601929663
80.0,1.75,19.743369526021915,18.921373248622224
80.0,2.0,19.745310612525692,18.91766192863272
80.0,2.25,19.748681140442255,18.91600031015952
80.0,2.5,19.753238785520058,18.915957805510054
80.0,2.75,19.757898128437123,18.91669316969708
80.0,3.0,19.762382081171275,18.917882630876672
80.0,3.25,19.766659895043226,18.91942378350009
80.0,3.5,19.77072058359342,18.92126977770273
80.0,3.75,19.774652610499913,18.923448409467444
80.0,4.0,19.778568516672994,18.925935116275117
80.0,4.25,19.782622835565903,18.92878187125339
80.0,4.5,19.786660166182394,18.931825709534486
80.0,4.75,19.79052752142538,18.934912235090998
80.0,5.0,19.794438414476335,18.93820054129022
80.0,5.25,19.798258889103394,18.941558780466757
80.0,5.5,19.80204352113195,18.94499016902047
80.0,5.75,19.806055411051105,18.948689350145496
80.0,6.0,19.810297286412137,18.952620338445552
85.0,1.0,19.781923110882914,18.973778794464305
85.0,1.25,19.763931138626962,18.956939454880334
85.0,1.5,19.758672518455214,18.947418766635366
85.0,1.75,19.759315337966804,18.942277368411062
85.0,2.0,19.763245579499827,18.940522212832292
85.0,2.25,19.769303754599257,18.941428701755775
85.0,2.5,19.776223824802035,18.943711592218346
85.0,2.75,19.783189080495525,18.94659620688717
85.0,3.0,19.790172905561228,18.950017847187745
85.0,3.25,19.796935012630602,18.953754016811587
85.0,3.5,19.80352016438844,18.957750163861423
85.0,3.75,19.810068096977922,18.962060360140068
85.0,4.0,19.816618871266666,18.966741189772915
85.0,4.25,19.823242403467727,18.971736691210353
85.0,4.5,19.830161112464413,18.977153821678808
85.0,4.75,19.836923774302388,18.982606778892322
85.0,5.0,19.843788966147827,18.98828644828007
85.0,5.25,19.850643968253987,18.99409175786817
85.0,5.5,19.85752724927091,19.000026214397273
85.0,5.75,19.864205477337148,19.005892801409697
85.0,6.0,19.870693370384778,19.011685413457222
90.0,1.0,19.793604234664727,18.987842915187674
90.0,1.25,19.776835220964198,18.97335598868708
90.0,1.5,19.77302049227207,18.966144129142045
90.0,1.75,19.775302450610578,18.963232404751647
90.0,2.0,19.781428990704992,18.963629529679242
90.0,2.25,19.789748115326812,18.966766386896435
90.0,2.5,19.79901461024667,18.97132287914968
90.0,2.75,19.808610104898364,18.97666337828408
90.0,3.0,19.818001049707213,18.982320049779794
90.0,3.25,19.827684212736603,18.988613532392034
90.0,3.5,19.837792305262447,18.99555978942428
90.0,3.75,19.8478081769305,19.002732581681364
90.0,4.0,19.857626692341405,19.01001258081923
90.0,4.25,19.867106169986293,19.017251086743258
90.0,4.5,19.876640868759033,19.024821461292554
90.0,4.75,19.88611978544519,19.03254623542322
90.0,5.0,19.89546333645305,19.040293858817527
90.0,5.25,19.90444166259173,19.047856359048893
90.0,5.5,19.91308110892676,19.05523576282647
90.0,5.75,19.92143088129121,19.0624675001003
90.0,6.0,19.92950657121513,19.06954712642519
95.0,1.0,19.805214457981165,19.001675261321306
95.0,1.25,19.789625110090853,18.989488065201186
95.0,1.5,19.787221584376955,18.984491123686965
95.0,1.75,19.791393406278225,18.98402987403255
95.0,2.0,19.799815846355617,18.987074961872153
95.0,2.25,19.81016078506716,18.99207385709651
95.0,2.5,19.82155034938793,18.998756110790037
95.0,2.75,19.833769276866445,19.006574878100324
95.0,3.0,19.84702159121037,19.015559467131624
95.0,3.25,19.860341344137247,19.024961711288313
95.0,3.5,19.8732666829036,19.03437017036546
95.0,3.75,19.88594584649064,19.043860456020973
95.0,4.0,19.898195000646545,19.05324478209722
95.0,4.25,19.910442405037067,19.06282584369642
95.0,4.5,19.922527344609584,19.072459988601544
95.0,4.75,19.934157929303765,19.081894588978894
95.0,5.0,19.945427780106776,19.09123014436566
95.0,5.25,19.956243727071584,19.100296991134975
95.0,5.5,19.966638543469546,19.109123311739626
95.0,5.75,19.976626509099276,19.11769831807707
95.0,6.0,19.986218877240265,19.12600394667295
100.0,1.0,19.816737779305246,19.01529227526544
100.0,1.25,19.802147493774036,19.005227740473696
100.0,1.5,19.801094178565286,19.0023758127645
100.0,1.75,19.807624734820635,19.00477404008996
100.0,2.0,19.81786327713513,19.01009607432951
100.0,2.25,19.83031549002358,19.017389436452344
100.0,2.5,19.844508119322214,19.02644597376241
100.0,2.75,19.860017771197914,19.03718689139867
100.0,3.0,19.875891278256965,19.04862025306187
100.0,3.25,19.891745765843563,19.060365645921898
100.0,3.5,19.907336285777646,19.072175232609897
100.0,3.75,19.922557124840143,19.08392297870666
100.0,4.0,19.937690997226312,19.095799589273593
100.0,4.25,19.95254739255146,19.107644682983583
100.0,4.5,19.966863370538665,19.119253772004928
100.0,4.75,19.980552118029532,19.13049445398655
100.0,5.0,19.993624887618104,19.141340922848432
100.0,5.25,20.006139442833618,19.151843542437742
100.0,5.5,20.018217610395006,19.16215628694414
100.0,5.75,20.029777661162615,19.172104671068517
100.0,6.0,20.040833944715448,19.18168261470181
105.0,1.0,19.827952196850205,19.028527491509536
105.0,1.25,19.814443918505386,19.02057671717227
105.0,1.5,19.81520734782862,19.0202729868673
105.0,1.75,19.82361822721976,19.025095607223268
105.0,2.0,19.835842754264853,19.032879663426158
105.0,2.25,19.851131217726397,19.0431824349188
105.0,2.5,19.868072624409862,19.05491617646815
105.0,2.75,19.885863751844056,19.067696292753443
105.0,3.0,19.90399323568128,19.0812944690373
105.0,3.25,19.922180988626554,19.095196331108035
105.0,3.5,19.940344485306124,19.10939328870565
105.0,3.75,19.958483229513135,19.12381612685586
105.0,4.0,19.976256906001346,19.138136550636617
105.0,4.25,19.9933101831491,19.15205833931423
105.0,4.5,20.009644433970678,19.165548105086334
105.0,4.75,20.025245361822538,19.178535392015384
105.0,5.0,20.040115246253027,19.191012168968445
105.0,5.25,20.05428353464769,19.202985541156647
105.0,5.5,20.067781813635026,19.214466573381245
105.0,5.75,20.08064255606105,19.225469109160212
105.0,6.0,20.09295113051832,19.23609427056
110.0,1.0,19.83890005411277,19.041370772047365
110.0,1.25,19.826668675215036,19.035648254777694
110.0,1.5,19.829294212173366,19.037996206813272
110.0,1.75,19.83945771156831,19.04512411255865
110.0,2.0,19.854283786713765,19.055836725536423
110.0,2.25,19.871835606643227,19.068621833967654
110.0,2.5,19.890970839652734,19.082889850774226
110.0,2.75,19.91101796709188,19.09797718249751
110.0,3.0,19.931334447519845,19.113541933990742
110.0,3.25,19.95166871522781,19.12956607326636
110.0,3.5,19.972286382966946,19.146115776169406
110.0,3.75,19.992874865147108,19.162848939586663
110.0,4.0,20.012704159894213,19.1791633167948
110.0,4.25,20.031664574300155,19.194880535079214
110.0,4.5,20.04975694760922,19.209982498027998
110.0,4.75,20.067004841813826,19.2244673668071
110.0,5.0,20.083431094154022,19.238338202835223
110.0,5.25,20.099048461816018,19.25159788997127
110.0,5.5,20.113889550759794,19.26426056549726
110.0,5.75,20.127988811126514,19.276343502618335
110.0,6.0,20.14138478743931,19.28786842497182
115.0,1.0,19.84985518802252,19.054068930878497
115.0,1.25,19.838815914789762,19.050519045861492
115.0,1.5,19.843009882032604,19.055253918514357
115.0,1.75,19.85543737311961,19.06503875634141
115.0,2.0,19.87261619731701,19.078342450442403
115.0,2.25,19.891905951513934,19.093431323347847
115.0,2.5,19.913245052755638,19.110163359283593
115.0,2.75,19.935271734244928,19.127629948863
115.0,3.0,19.95768483473854,19.145437836256114
115.0,3.25,19.980442978477754,19.16377668232985
115.0,3.5,20.00312791864387,19.182242143974424
115.0,3.75,20.025261500611112,19.20055260987867
115.0,4.0,20.046669453041673,19.218308869934425
115.0,4.25,20.067204710722237,19.235483192897124
115.0,4.5,20.086853916049716,19.252051023037208
115.0,4.75,20.105562019630145,19.26790007202383
115.0,5.0,20.123355519413288,19.28303551451433
115.0,5.25,20.140256181062924,19.297467190748662
115.0,5.5,20.15636883112389,19.31125930117098
115.0,5.75,20.171819157371164,19.324500305097537
115.0,6.0,20.186461671417998,19.337087066531815
120.0,1.0,19.86110121231041,19.066887720447095
120.0,1.25,19.850829852951797,19.06512257483549
120.0,1.5,19.856748568767404,19.0722392271275
120.0,1.75,19.871259739099184,19.084642157828043
120.0,2.0,19.89022132955234,19.100128162724282
120.0,2.25,19.911606740536882,19.117701676314237
120.0,2.5,19.934692634831126,19.136713050675386
120.0,2.75,19.958651848277345,19.156475364315085
120.0,3.0,19.983057379247597,19.176676995232363
120.0,3.25,20.008001715901987,19.197255078269613
120.0,3.5,20.03238643779643,19.217458442620835
120.0,3.75,20.055857074969413,19.23698527424567
120.0,4.0,20.07839716318762,19.2558447351005
120.0,4.25,20.10019269663401,19.27424564186258
120.0,4.5,20.12106977404029,19.291931155839467
120.0,4.75,20.140940382371404,19.308827745504725
120.0,5.0,20.15996138628984,19.32512381254431
120.0,5.25,20.178212472225432,19.340770548548925
120.0,5.5,20.195657314568823,19.35579098761297
120.0,5.75,20.212199368341107,19.370080648577638
120.0,6.0,20.22788610341002,19.383685067757625
125.0,1.0,19.872413442278233,19.07956602130189
125.0,1.25,19.86291074311672,19.0797877940517
125.0,1.5,19.870544123230452,19.089069395708815
125.0,1.75,19.886742051465003,19.103740831979355
125.0,2.0,19.907362755362197,19.12142214704086
125.0,2.25,19.930807233337685,19.1414300634996
125.0,2.5,19.955527382172253,19.16261449694945
125.0,2.75,19.9810670456143,19.184446963134164
125.0,3.0,20.00738512029841,19.20685227744574
125.0,3.25,20.033802388186242,19.22926671556737
125.0,3.5,20.059647195482672,19.25107951890988
125.0,3.75,20.084502769900208,19.272104385742516
125.0,4.0,20.108307564338546,19.292285086417145
125.0,4.25,20.131032648171626,19.311593548553706
125.0,4.5,20.152770451855915,19.330098057628994
125.0,4.75,20.17387019869005,19.348133704737865
125.0,5.0,20.194220497757506,19.36565215083001
125.0,5.25,20.213511343482125,19.382302495630025
125.0,5.5,20.231795006162184,19.39811832775681
125.0,5.75,20.249194245646546,19.413277643858606
125.0,6.0,20.265741895092912,19.427726862760814
130.0,1.0,19.883550605672237,19.0919891559864
130.0,1.25,19.875195540554007,19.09444100522514
130.0,1.5,19.884295895001475,19.1058203128583
130.0,1.75,19.901833582701517,19.12230919003406
130.0,2.0,19.924003558722724,19.1422351041006
130.0,2.25,19.949235632341704,19.16446233001817
130.0,2.5,19.975648804873213,19.18773643593912
130.0,2.75,20.002823901164064,19.211650382580473
130.0,3.0,20.03062672985882,19.235952539655678
130.0,3.25,20.05817828538921,19.25987460275082
130.0,3.5,20.084934702097833,19.283054241034524
130.0,3.75,20.11094280090875,19.305420780444265
130.0,4.0,20.13601784559333,19.327044313899787
130.0,4.25,20.16006169876976,19.34780299011559
130.0,4.5,20.183071083494802,19.367673348100375
130.0,4.75,20.205056462331733,19.386666097461166
130.0,5.0,20.225908975722763,19.404709641881595
130.0,5.25,20.24577556311104,19.421863410765013
130.0,5.5,20.26475800835086,19.438339506450397
130.0,5.75,20.28297241256284,19.45424330407084
130.0,6.0,20.300353942192594,19.469485387825987
135.0,1.0,19.894518677976862,19.10419892142298
135.0,1.25,19.8876742138817,19.108973017190298
135.0,1.5,19.898008065788122,19.122560586016306
135.0,1.75,19.916886000532816,19.140933972091744
135.0,2.0,19.940327551106016,19.162573809319625
135.0,2.25,19.966939594490697,19.186808920775906
135.0,2.5,19.99483069418549,19.211978292931143
135.0,2.75,20.023667164187355,19.23785502425313
135.0,3.0,20.052749686103052,19.263846719651916
135.0,3.25,20.08106803889786,19.289100256193176
135.0,3.5,20.108900195647205,19.313708060196486
135.0,3.75,20.13586050232971,19.337512233436133
135.0,4.0,20.161789721995607,19.360320228294757
135.0,4.25,20.186805343544318,19.382199402350103
135.0,4.5,20.210724546223844,19.403104938476304
135.0,4.75,20.233468471570944,19.42300883822214
135.0,5.0,20.255186621412168,19.442055749139964
135.0,5.25,20.27580838931333,19.46014989528091
135.0,5.5,20.29539645692988,19.47735761927162
135.0,5.75,20.31411241235723,19.493766509005827
135.0,6.0,20.33207522550145,19.509497361890812
140.0,1.0,19.905424452702004,19.11616056524953
140.0,1.25,19.900139108979552,19.123339893182845
140.0,1.5,19.91178152351537,19.139001622199544
140.0,1.75,19.93173899681413,19.159434245362984
140.0,2.0,19.956716314378212,19.183191167086413
140.0,2.25,19.984387187318006,19.208865388964988
140.0,2.5,20.01329796102613,19.235503540443187
140.0,2.75,20.043571534726407,19.263150551559555
140.0,3.0,20.073707844489793,19.290596722588177
140.0,3.25,20.10311746568391,19.317362108288737
140.0,3.5,20.131567743482954,19.3432045855223
140.0,3.75,20.15916541972959,19.36805598554862
140.0,4.0,20.185788020097654,19.391878576357346
140.0,4.25,20.211343020619474,19.41469411386174
140.0,4.5,20.235951350686705,19.436605684188834
140.0,4.75,20.259413367687223,19.457423279409074
140.0,5.0,20.28169944582898,19.477210395155915
140.0,5.25,20.302831695586605,19.495996344394733
140.0,5.5,20.322971645053464,19.513904106133413
140.0,5.75,20.342262198074323,19.531057531752957
140.0,6.0,20.36054071654028,19.54747763357343
145.0,1.0,19.91629290013307,19.12787999157527
145.0,1.25,19.912398448650066,19.137411395755603
145.0,1.5,19.925432610506164,19.15519295630458
145.0,1.75,19.946709960401616,19.177666522669956
145.0,2.0,19.97259299534807,19.203296764339726
145.0,2.25,20.001501470977157,19.230795048216056
145.0,2.5,20.031805326877976,19.259222555566858
145.0,2.75,20.062914030489456,19.288191713055806
145.0,3.0,20.093851838494466,19.316818290772463
145.0,3.25,20.123935054205017,19.34454527205994
145.0,3.5,20.153046162198308,19.371355211752547
145.0,3.75,20.181057105790625,19.397130436762833
145.0,4.0,20.208290030199944,19.42204233928132
145.0,4.25,20.23446534040074,19.445881858468237
145.0,4.5,20.259412991559074,19.468526781924936
145.0,4.75,20.283089301287525,19.489997468205427
145.0,5.0,20.305535584048314,19.510330509173116
145.0,5.25,20.327125672276107,19.529758687656624
145.0,5.5,20.34777668378347,19.548359704904094
145.0,5.75,20.367382315610612,19.566196422392853
145.0,6.0,20.38588909107593,19.583082278110695
150.0,1.0,19.927200454701,19.13950044073159
150.0,1.25,19.92460781190919,19.151202293197766
150.0,1.5,19.93879885627922,19.170998341310582
150.0,1.75,19.96156638827379,19.19556458604103
150.0,2.0,19.98850770299885,19.22297805690434
150.0,2.25,20.017965189827493,19.25201153628422
150.0,2.5,20.04960016174082,19.28228102511957
150.0,2.75,20.081908701677442,19.31296318511155
150.0,3.0,20.113598811555924,19.342923293026963
150.0,3.25,20.144290367910365,19.371813612894123
150.0,3.5,20.173923273977028,19.399513020404452
150.0,3.75,20.202670916210398,19.426306649637883
150.0,4.0,20.230191195093806,19.45187599174675
150.0,4.25,20.25637161856778,19.476124842677645
150.0,4.5,20.281259065151357,19.49916641135086
150.0,4.75,20.304868968262024,19.52099321669769
150.0,5.0,20.327535885164423,19.54181534242491
150.0,5.25,20.349203048771706,19.561714293603877
150.0,5.5,20.369821256720275,19.580816277762963
150.0,5.75,20.389410352809723,19.59900030182617
150.0,6.0,20.408100189027422,19.61630168996999
155.0,1.0,19.93807360086618,19.150951832934688
155.0,1.25,19.936817034460823,19.164730463544533
155.0,1.5,19.952004046084,19.186448955837392
155.0,1.75,19.976106358209,19.213094800724587
155.0,2.0,20.00432312118977,19.24223992917536
155.0,2.25,20.03468619612072,19.272930829963393
155.0,2.5,20.067097970902157,19.304919321816026
155.0,2.75,20.10010535456451,19.33693726779308
155.0,3.0,20.132422234774104,19.368043425336083
155.0,3.25,20.16370471218504,19.398014580836545
155.0,3.5,20.193974456415546,19.426936188745046
155.0,3.75,20.22309575927025,19.454663336913594
155.0,4.0,20.250902446599856,19.481049780106005
155.0,4.25,20.277372884174355,19.50605951768732
155.0,4.5,20.302416595426262,19.529677533505147
155.0,4.75,20.32611161677408,19.551998765062574
155.0,5.0,20.34872137161253,19.57323831919132
155.0,5.25,20.370198208672253,19.593498891003435
155.0,5.5,20.39064752425595,19.61287617467335
155.0,5.75,20.41006275075827,19.6311702570418
155.0,6.0,20.428489363050158,19.64863027666392
160.0,1.0,19.948860063850063,19.1622088814667
160.0,1.25,19.948861375329333,19.178057834137157
160.0,1.5,19.965344161829808,19.201718181350547
160.0,1.75,19.990467736929304,19.230235303835595
160.0,2.0,20.019778407838878,19.26110453125454
160.0,2.25,20.051314016663557,19.293478194937705
160.0,2.5,20.084662667759368,19.327049378161178
160.0,2.75,20.11789721673254,19.360127888051792
160.0,3.0,20.150426738704592,19.392265953778644
160.0,3.25,20.182164246883225,19.42334090189395
160.0,3.5,20.21305594871439,19.453409128969344
160.0,3.75,20.242430483432702,19.481929263947737
160.0,4.0,20.270294801494238,19.50891062591067
160.0,4.25,20.296622041977056,19.534361403888333
160.0,4.5,20.321512281328836,19.55835731884734
160.0,4.75,20.34536442536803,19.58118908797871
160.0,5.0,20.368018379237096,19.602906681307207
160.0,5.25,20.3895403881483,19.623676107634388
160.0,5.5,20.40976773858127,19.643224234120957
160.0,5.75,20.429052110095313,19.661967029772416
160.0,6.0,20.447242532387392,19.67968068451106
165.0,1.0,19.959776499672163,19.173404563203356
165.0,1.25,19.96076298141331,19.191119910676825
165.0,1.5,19.978565967898387,19.21674476238591
165.0,1.75,20.004926169008854,19.247092269884863
165.0,2.0,20.035240699522447,19.279646153846564
165.0,2.25,20.067668051347006,19.313584042086962
165.0,2.5,20.10171423710765,19.348483729165952
165.0,2.75,20.1355148478189,19.382710603210317
165.0,3.0,20.16852228880512,19.415998295352498
165.0,3.25,20.200546552814956,19.44818940236995
165.0,3.5,20.231249308868083,19.478918913621634
165.0,3.75,20.26051283271458,19.508025870897306
165.0,4.0,20.288339945553805,19.535528789914114
165.0,4.25,20.31462459524689,19.561456831660852
165.0,4.5,20.339509383600955,19.58595023711963
165.0,4.75,20.363264632124693,19.609241420857543
165.0,5.0,20.38587384230465,19.631561085375484
165.0,5.25,20.407193544628203,19.65267323810749
165.0,5.5,20.42742782119875,19.67280479812113
165.0,5.75,20.44647965801558,19.691726184289895
165.0,6.0,20.46433641818089,19.709488110752158
170.0,1.0,19.970583202085145,19.18439986116348
170.0,1.25,19.97251358442822,19.203924815565443
170.0,1.5,19.991737224030572,19.23161072785841
170.0,1.75,20.01923064190377,19.263694222364368
170.0,2.0,20.05074641008505,19.297999355734568
170.0,2.25,20.08447678954035,19.333783515816606
170.0,2.5,20.119093440171262,19.37004344264008
170.0,2.75,20.153185676298378,19.40550948730625
170.0,3.0,20.18663639428757,19.440013405962354
170.0,3.25,20.21906881114273,19.47319347836685
170.0,3.5,20.249964004653396,19.50468677784749
170.0,3.75,20.279209848329153,19.534440038843236
170.0,4.0,20.30671666016049,19.562416219517768
170.0,4.25,20.332563848780186,19.58869506419705
170.0,4.5,20.357179069694034,19.61365100133219
170.0,4.75,20.380742200335956,19.637537450800878
170.0,5.0,20.403099035823384,19.660211545257916
170.0,5.25,20.424377382543895,19.681845361628053
170.0,5.5,20.44425091563436,19.702085459379408
170.0,5.75,20.462814928386365,19.72103024843768
170.0,6.0,20.48016145856794,19.738773601554904
175.0,1.0,19.981290171069144,19.19525997544058
175.0,1.25,19.984263133170092,19.216724768748723
175.0,1.5,20.00492359971604,19.2464665999346
175.0,1.75,20.03368459486007,19.280456169362623
175.0,2.0,20.066450332512968,19.31659353973041
175.0,2.25,20.101429681901646,19.354072643875472
175.0,2.5,20.13676721699186,19.39160329902734
175.0,2.75,20.171351278027633,19.428241122508734
175.0,3.0,20.204942132508844,19.463602626564107
175.0,3.25,20.237388574722967,19.497509841006867
175.0,3.5,20.268137605397083,19.529586421305897
175.0,3.75,20.297145056374568,19.559848940950676
175.0,4.0,20.324434274374404,19.58826482768626
175.0,4.25,20.350275235994307,19.61512316627446
175.0,4.5,20.37495852333587,19.640709483396048
175.0,4.75,20.39823842974885,19.665016905441686
175.0,5.0,20.420263113857327,19.68814169467471
175.0,5.25,20.44084266100545,19.70975370535884
175.0,5.5,20.45999191920638,19.729922915311995
175.0,5.75,20.47780826755101,19.748751993487613
175.0,6.0,20.494387982167176,19.76633961402742
180.0,1.0,19.99195510341304,19.20603521666562
180.0,1.25,19.996058119774492,19.22954721867811
180.0,1.5,20.017979853621917,19.261219118355665
180.0,1.75,20.04803311453465,19.297022394407996
180.0,2.0,20.082028964402614,19.334851143630722
180.0,2.25,20.11812344302489,19.373930557595415
180.0,2.5,20.154110974934323,19.412622303207993
180.0,2.75,20.189216543914142,19.450334222369374
180.0,3.0,20.2230821702955,19.486598277494178
180.0,3.25,20.255538132054436,19.521172562964143
180.0,3.5,20.286343394094754,19.553871834005648
180.0,3.75,20.31524323087719,19.58457413659824
180.0,4.0,20.34237579114988,19.613437547529227
180.0,4.25,20.368258287508315,19.640939023470164
180.0,4.5,20.392540801259415,19.6668687051496
180.0,4.75,20.415569149598905,19.691615456859264
180.0,5.0,20.43700454753489,19.714746123475425
180.0,5.25,20.45688072766373,19.736275535836544
180.0,5.5,20.475373774105567,19.756345405496702
180.0,5.75,20.49252010245315,19.775036514588486
180.0,6.0,20.508464874539353,19.792462541990275
185.0,1.0,20.00267239437295,19.216881040293945
185.0,1.25,20.007785505235656,19.2422718648314
185.0,1.5,20.030961035334986,19.27574997045753
185.0,1.75,20.062179608849615,19.3132257873063
185.0,2.0,20.09740103858406,19.352750797799196
185.0,2.25,20.134512081606484,19.393346103948712
185.0,2.5,20.171219739306878,19.433272805707634
185.0,2.75,20.2067582703555,19.471914570669465
185.0,3.0,20.2408459136515,19.50892697488335
185.0,3.25,20.273295410209723,19.544058247490046
185.0,3.5,20.30401034877215,19.577225867331535
185.0,3.75,20.332851461006037,19.608385299476307
185.0,4.0,20.360170886577595,19.637908842418078
185.0,4.25,20.38584875201502,19.665671734219625
185.0,4.5,20.410130967045994,19.692180046830842
185.0,4.75,20.432825635403447,19.717082835239264
185.0,5.0,20.453813822985456,19.740211169983453
185.0,5.25,20.473407243978944,19.762003803023745
185.0,5.5,20.49152424700928,19.782265575461388
185.0,5.75,20.508325537618852,19.801131415680278
185.0,6.0,20.523876579022183,19.818692945376025
190.0,1.0,20.013380918883986,19.22780785196554
190.0,1.25,20.019536644020032,19.25507924562616
190.0,1.5,20.04381182068613,19.290259837699324
190.0,1.75,20.076275844644467,19.329450910072556
190.0,2.0,20.11269694186228,19.370739753120827
190.0,2.25,20.150746950295787,19.412731061174334
190.0,2.5,20.188131147595058,19.453801973392114
190.0,2.75,20.224128895639257,19.493353737398856
190.0,3.0,20.258483431126212,19.531068867531918
190.0,3.25,20.29091051488372,19.566717128144816
190.0,3.5,20.321479398773864,19.600333746086243
190.0,3.75,20.35037134951815,19.632052337297566
190.0,4.0,20.37769518307374,19.662023403687208
190.0,4.25,20.40331246982385,19.690281225571695
190.0,4.5,20.427744346294507,19.71757786084123
190.0,4.75,20.45031194562652,19.742916593682587
190.0,5.0,20.47114150556108,19.766430447644083
190.0,5.25,20.4903561116376,19.7882493158349
190.0,5.5,20.508074085032202,19.80849789164779
190.0,5.75,20.52440796759296,19.827294416462152
190.0,6.0,20.53949451958432,19.844762611994888
195.0,1.0,20.02398877384461,19.23855417445784
195.0,1.25,20.031178313584633,19.267662718246253
195.0,1.5,20.05649248001185,19.30448779223728
195.0,1.75,20.090191100554552,19.345405692449066
195.0,2.0,20.1278437665261,19.38843141671006
195.0,2.25,20.166728144808797,19.43168775557581
195.0,2.5,20.20470791021889,19.47380436892927
195.0,2.75,20.24115205681117,19.514217488212072
195.0,3.0,20.275723413590665,19.552598410591315
195.0,3.25,20.308166417708076,19.588718133068678
195.0,3.5,20.338682903156883,19.622792461167244
195.0,3.75,20.367653529990125,19.655168990805937
195.0,4.0,20.39510015024135,19.685846337626955
195.0,4.25,20.421057214394917,19.7151282691594
195.0,4.5,20.44525161066707,19.742580823737455
195.0,4.75,20.46754875004312,19.768022346736682
195.0,5.0,20.488105981119496,19.79159955296823
195.0,5.25,20.50702909171793,19.813442490036337
195.0,5.5,20.524441749242445,19.833681383067848
195.0,5.75,20.540466639604954,19.85244739201145
195.0,6.0,20.555330818719547,19.870011922379746
200.0,1.0,20.034462439596357,19.249114124118556
200.0,1.25,20.04262438916057,19.2799960007809
200.0,1.5,20.068940305757202,19.31844898440207
200.0,1.75,20.10387579146451,19.361140513325097
200.0,2.0,20.142776212614617,19.405769696299302
200.0,2.25,20.182488278015892,19.450264889003837
200.0,2.5,20.220981829317477,19.49326485709207
200.0,2.75,20.257915682880338,19.53448279588415
200.0,3.0,20.29279748007951,19.573505578047577
200.0,3.25,20.3254896357914,19.610265799048783
200.0,3.5,20.35627482727423,19.645210921788692
200.0,3.75,20.385399546573787,19.678238077456534
200.0,4.0,20.412853124119312,19.70936984230516
200.0,4.25,20.438859805502275,19.7391025242034
200.0,4.5,20.462867334165157,19.766684646712275
200.0,4.75,20.48494853820296,19.792207605517337
200.0,5.0,20.505246113115327,19.81581968201244
200.0,5.25,20.5238968133534,19.837663880618607
200.0,5.5,20.541075709002364,19.85793962820471
200.0,5.75,20.556935525914152,19.876818517710582
200.0,6.0,20.5715964135091,19.894393192634602
205.0,1.0,20.044756392855206,19.259469976681732
205.0,1.25,20.053888227947095,19.292087415585968
205.0,1.5,20.081358357877793,19.33224035955999
205.0,1.75,20.117438012864056,19.376595486585153
205.0,2.0,20.15758463884309,19.4227301267881
205.0,2.25,20.19817577024967,19.468423084053043
205.0,2.5,20.237220734959745,19.51229006506855
205.0,2.75,20.274562845544846,19.554209351010957
205.0,3.0,20.309875015792354,19.594060010418005
205.0,3.25,20.343034944451862,19.6318339666771
205.0,3.5,20.37399350410954,19.667316229753276
205.0,3.75,20.40294342610478,19.70059169079731
205.0,4.0,20.430352496795265,19.732234867784697
205.0,4.25,20.456065147548117,19.76207888517496
205.0,4.5,20.47978803819149,19.78971899896964
205.0,4.75,20.501578673262127,19.81527023520449
205.0,5.0,20.521571808532478,19.83887588414431
205.0,5.25,20.540163529025214,19.86093474029981
205.0,5.5,20.557542812823385,19.881630973718636
205.0,5.75,20.57372751920374,19.900976901586475
205.0,6.0,20.588712202056488,19.919005534736172
210.0,1.0,20.054931957601394,19.26964774840033
210.0,1.25,20.06512917591135,19.304071158140857
210.0,1.5,20.093753728066964,19.345854677903294
210.0,1.75,20.130988818036002,19.391800452417442
210.0,2.0,20.1722353785579,19.439322448475068
210.0,2.25,20.21365230504602,19.486141357190935
210.0,2.5,20.253265473030304,19.530858037871678
210.0,2.75,20.29100943385745,19.57359953271453
210.0,3.0,20.326811012556817,19.614457152323215
210.0,3.25,20.36008009762025,19.65272415958539
210.0,3.5,20.391131178822267,19.68865241178088
210.0,3.75,20.420075534371144,19.722293025544385
210.0,4.0,20.447280341218192,19.75430164850908
210.0,4.25,20.472582880736468,19.784124110410694
210.0,4.5,20.49595069274105,19.811765448385803
210.0,4.75,20.51783004171091,19.83764669343607
210.0,5.0,20.538229473736383,19.861865923989548
210.0,5.25,20.557040507062737,19.884357202341125
210.0,5.5,20.57438408479006,19.905212455290552
210.0,5.75,20.59047111150768,19.92472024897758
210.0,6.0,20.60542987657475,19.943085643290672
215.0,1.0,20.065028951596172,19.279679043518506
215.0,1.25,20.076400967747407,19.315950482723842
215.0,1.5,20.10609710548754,19.35932668680654
215.0,1.75,20.14447847601167,19.406768606214914
215.0,2.0,20.186732687034638,19.455611824909955
215.0,2.25,20.228818483264114,19.50340843820435
215.0,2.5,20.26899180910963,19.549065250347457
215.0,2.75,20.307305899594848,19.59286084027645
215.0,3.0,20.343208843928963,19.634190313659605
215.0,3.25,20.376588010958887,19.672939043553697
215.0,3.5,20.407633630022293,19.709194822098397
215.0,3.75,20.436617188439747,19.7432873386159
215.0,4.0,20.46375175062962,19.775594492433974
215.0,4.25,20.48907935471656,19.80580072228291
215.0,4.5,20.512673593928923,19.833931559690622
215.0,4.75,20.53441988528785,19.860004107438268
215.0,5.0,20.55460949146941,19.884274041688737
215.0,5.25,20.573254637885803,19.90684427418471
215.0,5.5,20.590577000402742,19.928027041231896
215.0,5.75,20.60658224754581,19.94777329483384
215.0,6.0,20.621459028293316,19.96624139428156
220.0,1.0,20.075176855096583,19.28964572388168
220.0,1.25,20.087514773193845,19.32761096880654
220.0,1.5,20.1183634951166,19.372617734680404
220.0,1.75,20.15789231528495,19.42151591588893
220.0,2.0,20.200919149813853,19.4715370095258
220.0,2.25,20.243598181322177,19.52021832829385
220.0,2.5,20.28451003025885,19.56711584947383
220.0,2.75,20.323183891660918,19.61159800245887
220.0,3.0,20.359140433700485,19.653322231801532
220.0,3.25,20.392545229791786,19.692457417554234
220.0,3.5,20.423617425945906,19.72906230482708
220.0,3.75,20.452888102474294,19.76382903490397
220.0,4.0,20.48050611431401,19.79681595498668
220.0,4.25,20.50581788911327,19.82728162440886
220.0,4.5,20.529044925308156,19.855421356087053
220.0,4.75,20.550518046732815,19.881574272801036
220.0,5.0,20.570457908065283,19.906009865890045
220.0,5.25,20.588961176173004,19.928774421340677
220.0,5.5,20.606300957022913,19.9501620140992
220.0,5.75,20.622481343291337,19.970225687289904
220.0,6.0,20.63756575184174,19.98891564459546
225.0,1.0,20.08524047555713,19.299486705748688
225.0,1.25,20.0984964261459,19.33906580841694
225.0,1.5,20.130495735678693,19.385677334289127
225.0,1.75,20.1710385014028,19.43594759551528
225.0,2.0,20.21486511882593,19.487111398727887
225.0,2.25,20.25825766279782,19.536990804165256
225.0,2.5,20.299648808532794,19.584690196549484
225.0,2.75,20.33860952941505,19.62977582719237
225.0,3.0,20.374671858471434,19.671934199422665
225.0,3.25,20.408125960409787,19.711418979225435
225.0,3.5,20.439689625959314,19.748763038110255
225.0,3.75,20.469434625679256,19.784319657467304
225.0,4.0,20.496852126201237,19.817388157359407
225.0,4.25,20.52189692490109,19.847872026653043
225.0,4.5,20.54491388166862,19.87614059699744
225.0,4.75,20.56628684072787,19.90260827638513
225.0,5.0,20.58611604190442,19.927238355895774
225.0,5.25,20.604827706633376,19.95034584608761
225.0,5.5,20.622150495643044,19.971909770161588
225.0,5.75,20.638258500481633,19.99195684380453
225.0,6.0,20.653201005559296,20.010609438139845
230.0,1.0,20.095193634397504,19.30921333843562
230.0,1.25,20.109337706449782,19.350319407619516
230.0,1.5,20.1424379277761,19.39848868442739
230.0,1.75,20.183921815707972,19.450066517431623
230.0,2.0,20.22861072938915,19.502389224585922
230.0,2.25,20.272589907904024,19.553378708295725
230.0,2.5,20.314498603323013,19.601863163854958
230.0,2.75,20.353607219972986,19.64741901379427
230.0,3.0,20.38979704344107,19.690008728339333
230.0,3.25,20.423896179644125,19.730313055977348
230.0,3.5,20.45586478988568,19.768342288844504
230.0,3.75,20.485457488477206,19.804089237001342
230.0,4.0,20.512597901889123,19.83716040000165
230.0,4.25,20.53745771165804,19.867769721068242
230.0,4.5,20.560532008830673,19.89645195428279
230.0,4.75,20.582215323718525,19.92330245153611
230.0,5.0,20.602149517400623,19.948136478675945
230.0,5.25,20.62049749351992,19.971220519648362
230.0,5.5,20.637603877233012,19.992725529293946
230.0,5.75,20.65391802869769,20.013019093039237
230.0,6.0,20.669054689480014,20.03186676126448
235.0,1.0,20.10508214319532,19.318805611382587
235.0,1.25,20.120025059498822,19.36138692104863
235.0,1.5,20.154232371345305,19.41110335222027
235.0,1.75,20.19654740250691,19.463882686214788
235.0,2.0,20.242275378315608,19.517659592512363
235.0,2.25,20.286749837628182,19.56943015702712
235.0,2.5,20.328994137427696,19.618584462461083
235.0,2.75,20.368199887679747,19.66455119713392
235.0,3.0,20.405067780968775,19.708011655766686
235.0,3.25,20.439587802389706,19.74894227428432
235.0,3.5,20.471549911667193,19.7872960912613
235.0,3.75,20.50098723226916,19.82316933883737
235.0,4.0,20.527863879127874,19.856248475123287
235.0,4.25,20.553053221151902,19.887443251588422
235.0,4.5,20.57644469857333,19.91651092890095
235.0,4.75,20.597825875311813,19.94329127490128
235.0,5.0,20.617610355320927,19.968153271198904
235.0,5.25,20.636154023668638,19.991467601581824
235.0,5.5,20.65345265059028,20.013211698105636
235.0,5.75,20.669519434825308,20.033379137011444
235.0,6.0,20.684523751558068,20.052136592728477
240.0,1.0,20.114888185342043,19.3282884484083
240.0,1.25,20.13061230110861,19.372348403064642
240.0,1.5,20.16587366208383,19.423569101957142
240.0,1.75,20.20905838026938,19.477526641366183
240.0,2.0,20.25566057879705,19.532592119939707
240.0,2.25,20.30064868577733,19.585133942567346
240.0,2.5,20.34325062698701,19.634909935033008
240.0,2.75,20.38286893898111,19.681571859164077
240.0,3.0,20.420241970154407,19.725744108516743
240.0,3.25,20.4548233616309,19.766973626843242
240.0,3.5,20.486762759291512,19.805636256674646
240.0,3.75,20.51610225716349,19.841580100915685
240.0,4.0,20.54343070355987,19.87534763545287
240.0,4.25,20.56871757911962,19.906796037054985
240.0,4.5,20.591824892752854,19.935754024656074
240.0,4.75,20.613104380726597,19.962508340697372
240.0,5.0,20.633109847124643,19.987732564911703
240.0,5.25,20.65168831631453,20.011114286314232
240.0,5.5,20.668916510572274,20.032785983873058
240.0,5.75,20.684807336176064,20.05284238367134
240.0,6.0,20.699589261443688,20.071457460059733
245.0,1.0,20.124558373110602,19.337630518904486
245.0,1.25,20.141098739953517,19.383197139459483
245.0,1.5,20.17731278243023,19.435807518742862
245.0,1.75,20.221540018841928,19.491157865018778
245.0,2.0,20.26877807720497,19.547199582552853
245.0,2.25,20.314293624256653,19.60052447095449
245.0,2.5,20.357369779904964,19.650962451369242
245.0,2.75,20.39777300353468,19.698575635327717
245.0,3.0,20.435029260462,19.742962819289474
245.0,3.25,20.469673238633202,19.784501417572194
245.0,3.5,20.50165426493426,19.823390201764106
245.0,3.75,20.531323213315318,19.8598701034767
245.0,4.0,20.55884930778896,19.8940332465537
245.0,4.25,20.584002284353385,19.925441132349548
245.0,4.5,20.607005789257002,19.954363592112017
245.0,4.75,20.628528251651204,19.98149203930707
245.0,5.0,20.6484025910184,20.00662014087779
245.0,5.25,20.666769332028082,20.029881749695928
245.0,5.5,20.6837951173958,20.051418482551483
245.0,5.75,20.69961635217703,20.07137037442975
245.0,6.0,20.714273357789565,20.089865674350875
250.0,1.0,20.13411045831164,19.34684553610936
250.0,1.25,20.15144487161038,19.39387452418664
250.0,1.5,20.1885731612516,19.44782825413294
250.0,1.75,20.23387382067104,19.504627406442932
250.0,2.0,20.281622681368177,19.561481809849873
250.0,2.25,20.327651237451544,19.61556020838091
250.0,2.5,20.371541675700765,19.66692454470862
250.0,2.75,20.41237268492427,19.715139647863293
250.0,3.0,20.449673560250485,19.759817274008277
250.0,3.25,20.48426938208332,19.801542259639948
250.0,3.5,20.516417946366428,19.840804260677583
250.0,3.75,20.546478402829834,19.877906997122228
250.0,4.0,20.57397795432575,19.912079487034763
250.0,4.25,20.598972553149228,19.943450083170355
250.0,4.5,20.6222550832279,19.972663191556638
250.0,4.75,20.643659403177715,19.999765369240126
250.0,5.0,20.663253194473,20.02474052370138
250.0,5.25,20.68148244023063,20.04786243424687
250.0,5.5,20.698284540206867,20.069212306062774
250.0,5.75,20.714071415056836,20.089291721757654
250.0,6.0,20.728791388107254,20.108091453819895
