A,p0,p_high,zt,w,theta_star,theta_err_ppm,theta_abs_err_ppm,r_s_Mpc,D_M_Mpc,cmb_soft_pass,cmb_strict_pass,sn_shape_max,sn_shape_end,sn_shape_rms,sn_offset,sn_good_pass,sn_excellent_pass,score
1.2,0.2,0.24,1.3,0.8,0.010425543387560583,1185.3596935220728,1185.3596935220728,143.74939745460756,13788.192337880884,True,False,0.1406201519862004,0.1406201519862004,0.10699942715330645,-0.16840062275750492,False,False,9.562387433645787
1.2,0.2,0.24,1.3,0.6,0.010425934911534892,1222.9585079411768,1222.9585079411768,143.74939745460756,13787.674551427346,True,False,0.1404037016036881,0.1404037016036881,0.10666211251581663,-0.16843413676203056,False,False,9.66896042866411
1.2,0.2,0.24,1.3,0.45,0.010426386124776863,1266.2893996911891,1266.2893996911891,143.74939745460756,13787.077874759214,True,False,0.1401653898993113,0.1401653898993113,0.10629915111436722,-0.16846170759905968,False,False,9.799888782007676
1.2,0.2,0.24,1.5,0.8,0.010426580757177263,1284.9803304713184,1284.9803304713184,143.74939745460756,13786.820512146893,True,False,0.1401392985911869,0.1401392985911869,0.10658555898494936,-0.1684180093393266,False,False,9.898054932270034
1.2,0.2,0.24,1.3,0.35,0.010426787670662943,1304.8506379349528,1304.8506379349528,143.74939745460756,13786.54692078024,True,False,0.1399578157418091,0.1399578157418091,0.10599114386575004,-0.16847790387488715,False,False,9.9228355300962
1.2,0.195,0.24,1.3,0.8,0.010426981662969891,1323.4800992866456,1323.4800992866456,143.74939745460756,13786.290424305185,True,False,0.13996081283776363,0.13996081283776363,0.1063300713280623,-0.16845663725452908,False,False,10.028210873610247
1.2,0.2,0.24,1.5,0.6,0.010427155902363029,1340.2126496206074,1340.2126496206074,143.74939745460756,13786.06005325294,True,False,0.13982324052449968,0.13982324052449968,0.10617876780173655,-0.16844915777884495,False,False,10.08114169277757
1.2,0.2,0.24,1.3,0.25,0.010427261982333073,1350.399717000874,1350.399717000874,143.74939745460756,13785.919803124003,True,False,0.13971486159639568,0.13971486159639568,0.1056422207745094,-0.168488393259004,False,False,10.075478584901889
1.2,0.195,0.24,1.3,0.6,0.010427422219728118,1365.787628022018,1365.787628022018,143.74939745460756,13785.707955954971,True,False,0.1397171456788584,0.1397171456788584,0.10595043536716256,-0.1684943406815691,False,False,10.166935739051892
1.2,0.2,0.24,1.7,0.8,0.010427566530933961,1379.6461158876964,1379.6461158876964,143.74939745460756,13785.517170105499,True,False,0.1396869534936395,0.1396869534936395,0.10620909615035196,-0.16843251388646033,False,False,10.247492410107062
1.2,0.2,0.24,1.5,0.45,0.010427755956886166,1397.8370612460103,1397.8370612460103,143.74939745460756,13785.266748564434,True,False,0.1394980715722672,0.1394980715722672,0.10576901935567527,-0.1684720654978141,False,False,10.283849832224002
1.2,0.195,0.24,1.3,0.45,0.010427930221709417,1414.5720536835404,1414.5720536835404,143.74939745460756,13785.03637810526,True,False,0.13944878109496509,0.13944878109496509,0.10554187670310892,-0.16852535802238103,False,False,10.336815873627955
1.2,0.2,0.23,1.3,0.8,0.010427952988772141,1416.7584193275948,1416.7584193275948,143.7493974542541,13785.006281580883,True,False,0.1397007090112273,0.1397007090112273,0.10630544969353233,-0.16842338299490697,False,False,10.418225167916027
1.2,0.195,0.24,1.5,0.8,0.010428151258777194,1435.7986764102307,1435.7986764102307,143.74939745460756,13784.744187865148,True,False,0.1394186007682426,0.1394186007682426,0.10586363874243893,-0.16847619724584226,False,False,10.457720250854198
1.2,0.2,0.24,1.5,0.35,0.010428241596872041,1444.4740206700858,1444.4740206700858,143.74939745460756,13784.62477295552,True,False,0.1392368193553608,0.1392368193553608,0.10544750073379076,-0.16848380597274115,False,False,10.45652372018149
1.2,0.2,0.23,1.3,0.6,0.010428243772773094,1444.6829767117526,1444.6829767117526,143.7493974542541,13784.621896696231,True,False,0.13953884230038227,0.13953884230038227,0.10605230480778698,-0.1684485185340563,False,False,10.51705305432174
1.2,0.2,0.24,1.7,0.6,0.010428281258906479,1448.2828435523866,1448.2828435523866,143.74939745460756,13784.572345690769,True,False,0.13929477923174952,0.13929477923174952,0.10576201257591554,-0.16846051043038793,False,False,10.501924865840722
1.2,0.195,0.24,1.3,0.35,0.010428382526871135,1458.0078046264357,1458.0078046264357,143.74939745460756,13784.438486429131,True,False,0.1392149382786935,0.1392149382786935,0.10519509479805635,-0.1685435789229809,False,False,10.49602490174724
1.2,0.19,0.24,1.3,0.8,0.010428422300097578,1461.827305494875,1461.827305494875,143.74939745460756,13784.38591360675,True,False,0.13930026951634508,0.13930026951634508,0.10565993457577595,-0.1685126519998382,False,False,10.555032517134299
1.2,0.2,0.24,1.9,0.8,0.010428487819893341,1468.119299863798,1468.119299863798,143.74939745460756,13784.299309473401,True,False,0.13927022850326173,0.13927022850326173,0.10587379179493382,-0.16844445185641396,False,False,10.60109588071326
1.2,0.2,0.23,1.3,0.45,0.010428579578389602,1476.9310480546774,1476.9310480546774,143.7493974542541,13784.178024794064,True,False,0.13936073294037263,0.13936073294037263,0.10577993870849654,-0.1684691966788113,False,False,10.636220375443175
1.2,0.2,0.23,1.5,0.8,0.010428735204444607,1491.8761230560851,1491.8761230560851,143.7493974542541,13783.972326096628,True,False,0.1393384681480896,0.1393384681480896,0.10599423626972519,-0.16843642295167172,False,False,10.723079567272887
1.2,0.2,0.24,1.5,0.25,0.010428760492264672,1494.3045619668308,1494.3045619668308,143.74939745460756,13783.9389025408,True,False,0.13896000052641946,0.13896000052641946,0.10511641482328146,-0.16849018939073326,False,False,10.649750759367327
1.2,0.195,0.24,1.5,0.6,0.010428798950843724,1497.9978146703497,1497.9978146703497,143.74939745460756,13783.888071116546,True,False,0.1390625515202165,0.1390625515202165,0.1054055698523268,-0.1685112394049971,False,False,10.69421900582182
1.2,0.2,0.23,1.3,0.35,0.010428878724422604,1505.6586277614094,1505.6586277614094,143.7493974542541,13783.782634044659,True,False,0.13920570410925373,0.13920570410925373,0.10554885209460849,-0.16848134389054317,False,False,10.746246726039203
1.2,0.19,0.24,1.3,0.6,0.010428911908368105,1508.8453470697075,1508.8453470697075,143.74939745460756,13783.738775208541,True,False,0.1390293505341257,0.1390293505341257,0.10523794700369425,-0.16855454488750135,False,False,10.730136041461753
1.2,0.195,0.24,1.3,0.25,0.010428917126072338,1509.3464134308854,1509.3464134308854,143.74939745460756,13783.731879049403,True,False,0.13894108029851773,0.13894108029851773,0.10480208400365196,-0.1685553795390954,False,False,10.69342590989388
1.2,0.2,0.24,1.7,0.45,0.010428971681054841,1514.5854352977208,1514.5854352977208,143.74939745460756,13783.659774984448,True,False,0.13891383896802742,0.13891383896802742,0.10534248458401634,-0.16847893160271118,False,False,10.762847715291972
1.2,0.2,0.23,1.5,0.6,0.010429164372256336,1533.0899489433723,1533.0899489433723,143.7493974542541,13783.4051054614,True,False,0.13910150278404862,0.13910150278404862,0.1056888324376063,-0.16845978430717898,False,False,10.885419515286573
1.2,0.2,0.23,1.3,0.25,0.010429232164900347,1539.6002093830662,1539.6002093830662,143.7493974542541,13783.315509845845,True,False,0.13902442771950993,0.13902442771950993,0.10528715997411026,-0.16848921092981803,False,False,10.880634829833623
1.2,0.195,0.24,1.7,0.8,0.010429263067638018,1542.567859833542,1542.567859833542,143.74939745460756,13783.274668817363,True,False,0.13890836095539072,0.13890836095539072,0.10543924562304093,-0.16849251493611916,False,False,10.90452020977781
1.2,0.2,0.24,1.9,0.6,0.010429296598309283,1545.787875896384,1545.787875896384,143.74939745460756,13783.230354951367,True,False,0.1388273898310383,0.1388273898310383,0.10541326920696367,-0.1684689695953049,False,False,10.915618842421472
1.2,0.2,0.24,2.1,0.8,0.010429336033275918,1549.574893012562,1549.574893012562,143.74939745460756,13783.178238380628,True,False,0.1388938344067062,0.1388938344067062,0.10558083895071088,-0.1684541686910895,False,False,10.9499225654324
1.2,0.195,0.23,1.3,0.8,0.010429396389703529,1555.371039020612,1555.371039020612,143.7493974542541,13783.09847309777,True,False,0.1390391570118652,0.1390391570118652,0.10563471352767129,-0.1684793975907155,False,False,10.986633094436373
1.2,0.195,0.24,1.5,0.45,0.010429475009115223,1562.9210151753375,1562.9210151753375,143.74939745460756,13782.994573453841,True,False,0.1386961287006443,0.1386961287006443,0.10494405182827347,-0.16853701071540428,False,False,10.955716498053564
1.2,0.19,0.24,1.3,0.45,0.010429476783830436,1563.0914445547146,1563.0914445547146,143.74939745460756,13782.992228092644,True,False,0.13873087489385463,0.13873087489385463,0.10478374632854762,-0.16858900876514107,False,False,10.944064687802326
1.2,0.2,0.23,1.7,0.8,0.01042947851626645,1563.2578137797454,1563.2578137797454,143.7493974542541,13782.989938572076,True,False,0.13899778662721474,0.13899778662721474,0.10571121146179005,-0.16844730137570707,False,False,11.030380985750794
1.2,0.2,0.24,1.7,0.35,0.010429488219743793,1564.18965772232,1564.18965772232,143.74939745460756,13782.977115068725,True,False,0.13862669953931336,0.13862669953931336,0.10503881482317766,-0.16848719803444587,False,False,10.967949238620472
1.2,0.2,0.23,1.5,0.45,0.010429612402430994,1576.1151645022808,1576.1151645022808,143.7493974542541,13782.813004704582,True,False,0.1388578433962806,0.1388578433962806,0.10538124608215066,-0.16847696510637888,False,False,11.061700083494271
1.2,0.19,0.24,1.5,0.8,0.010429724695365832,1586.898875065592,1586.898875065592,143.74939745460756,13782.664610359154,True,False,0.13869641773392516,0.13869641773392516,0.10514075232064028,-0.16853438541987487,False,False,11.090263310649377
1.2,0.195,0.23,1.3,0.6,0.010429735701973673,1587.9558611832529,1587.9558611832529,143.7493974542541,13782.650065336908,True,False,0.13885018973384433,0.13885018973384433,0.10533925636980891,-0.16850872252010163,False,False,11.116487056096195
1.2,0.185,0.24,1.3,0.8,0.010429865302258944,1600.4016305212947,1600.4016305212947,143.74939745460756,13782.478803774553,True,False,0.13863852019148482,0.13863852019148482,0.10498901913515102,-0.16856866699330197,False,False,11.143149988321696
1.2,0.2,0.23,1.5,0.35,0.010429975046694356,1610.9406036911648,1610.9406036911648,143.7493974542541,13782.33378418423,True,False,0.13866222727739816,0.13866222727739816,0.10513993776477178,-0.1684857704647816,False,False,11.209373977345
1.2,0.19,0.24,1.3,0.35,0.010429979973351986,1611.4137202768895,1611.4137202768895,143.74939745460756,13782.327274057976,True,False,0.13847069212267607,0.13847069212267607,0.1043981341963705,-0.1686092543105199,False,False,11.144273580130093
1.2,0.2,0.24,1.7,0.25,0.010429995643669808,1612.9185716022387,1612.9185716022387,143.74939745460756,13782.306567103144,True,False,0.13834372241128534,0.13834372241128534,0.10475393248314527,-0.16849100038166398,False,False,11.178106724177242
1.2,0.2,0.23,1.7,0.6,0.010430012950770355,1614.5806063800055,1614.5806063800055,143.7493974542541,13782.283697321473,True,False,0.13870342272027614,0.13870342272027614,0.10537551218903256,-0.16846829880167036,False,False,11.248698585226133
1.2,0.195,0.24,1.5,0.35,0.01043002244686584,1615.4925350363844,1615.4925350363844,143.74939745460756,13782.271149167413,True,False,0.1384016096864992,0.1384016096864992,0.10458177362682154,-0.16855021881592572,False,False,11.178277210663923
1.2,0.2,0.24,1.9,0.45,0.01043002513784341,1615.7509548851576,1615.7509548851576,143.74939745460756,13782.267593300381,True,False,0.13842037968571694,0.13842037968571694,0.10501263934658821,-0.16848343039145894,False,False,11.216224339330163
1.2,0.195,0.24,1.7,0.6,0.010430068413752788,1619.9068252591635,1619.9068252591635,143.74939745460756,13782.210408616664,True,False,0.13846632651587973,0.13846632651587973,0.1049355810344386,-0.16852401119954882,False,False,11.232036141133724
1.2,0.195,0.23,1.3,0.45,0.010430127770502774,1625.6069702660418,1625.6069702660418,143.7493974542541,13782.13197548632,True,False,0.13864219223852578,0.13864219223852578,0.10502131947766863,-0.16853284713831349,False,False,11.273016173830056
1.2,0.2,0.23,1.9,0.8,0.010430173203345085,1629.969975135938,1629.969975135938,143.7493974542541,13782.071941830449,True,False,0.13868401995063806,0.13868401995063806,0.1054591874283783,-0.1684562548621784,False,False,11.333235136445694
1.2,0.2,0.24,2.1,0.6,0.010430196238771002,1632.1821122232354,1632.1821122232354,143.74939745460756,13782.041503712462,True,False,0.1384251890898156,0.1384251890898156,0.10512913985675777,-0.16847520627414525,False,False,11.309536540422412
1.2,0.195,0.24,1.9,0.8,0.01043030253343289,1642.389796881972,1642.389796881972,143.74939745460756,13781.901051655863,True,False,0.1384381325944659,0.1384381325944659,0.1050611464563619,-0.16850594521545048,False,False,11.356406086173726
1.2,0.195,0.23,1.5,0.8,0.010430310973557993,1643.2003186334307,1643.2003186334307,143.7493974542541,13781.889899416705,True,False,0.13861556415110243,0.13861556415110243,0.10527098246897987,-0.16849461094107454,False,False,11.38313699866937
1.2,0.2,0.23,1.5,0.25,0.010430362354977908,1648.1345770665407,1648.1345770665407,143.7493974542541,13781.822007904593,True,False,0.13845520757059404,0.13845520757059404,0.10489153117039578,-0.1684905580286724,False,False,11.372170875040775
1.2,0.2,0.22,1.3,0.8,0.010430390938105447,1650.8794708108699,1650.8794708108699,143.74939745387985,13781.784240580935,True,False,0.13877577008131917,0.13877577008131917,0.10560912994972477,-0.16844614327155463,False,False,11.455628997575173
1.2,0.185,0.24,1.3,0.6,0.010430403980226849,1652.1319312843027,1652.1319312843027,143.74939745460756,13781.767007981332,True,False,0.13834031452760343,0.13834031452760343,0.10452465117401125,-0.16861474937966392,False,False,11.358871466030992
1.2,0.19,0.24,1.5,0.6,0.010430445078613584,1656.078689892175,1656.078689892175,143.74939745460756,13781.712704604428,True,False,0.1383002697672424,0.1383002697672424,0.1046313143967462,-0.16857332133515257,False,False,11.38708847259266
1.2,0.195,0.23,1.3,0.35,0.010430477210726359,1659.1643996427174,1659.1643996427174,143.7493974542541,13781.670248646626,True,False,0.13846107649310824,0.13846107649310824,0.10475150527933909,-0.16854701895555735,False,False,11.417589527805777
1.2,0.2,0.23,1.7,0.45,0.010430529249882595,1664.1618217834553,1664.1618217834553,143.7493974542541,13781.601490247693,True,False,0.13841760648695356,0.13841760648695356,0.10506054523548501,-0.1684821146865616,False,False,11.468272158818714
1.2,0.2,0.24,1.9,0.35,0.010430532454654503,1664.4695823093184,1664.4695823093184,143.74939745460756,13781.59725589666,True,False,0.13813007730651586,0.13813007730651586,0.10474604987141037,-0.16848913282491887,False,False,11.435527983687495
1.2,0.19,0.24,1.3,0.25,0.010430575081717897,1668.563142732119,1668.563142732119,143.74939745460756,13781.540934072093,True,False,0.13816581150153695,0.13816581150153695,0.10396093667512823,-0.16862236617168946,False,False,11.392290565542217
1.2,0.2,0.22,1.3,0.6,0.010430582843164933,1669.30848969899,1669.30848969899,143.74939745387985,13781.530679091202,True,False,0.13866817892458508,0.13866817892458508,0.10544026045157645,-0.16846290032148184,False,False,11.533993972047588
1.2,0.195,0.24,1.5,0.25,0.010430607811606214,1671.7062580393213,1671.7062580393213,143.74939745460756,13781.497689392227,True,False,0.1380893304457492,0.1380893304457492,0.1042084889192158,-0.1685574001972133,False,False,11.427195316500795
1.2,0.2,0.23,1.9,0.6,0.010430778649042533,1688.1121117940684,1688.1121117940684,143.7493974542541,13781.271973156981,True,False,0.1383514437269279,0.1383514437269279,0.10511339454133994,-0.16847464317852948,False,False,11.596333892286745
1.2,0.2,0.22,1.3,0.45,0.010430804939408522,1690.6368271542258,1690.6368271542258,143.74939745387985,13781.237238056448,True,False,0.13854986323786989,0.13854986323786989,0.10525858610248466,-0.1684766857626414,False,False,11.62737456671921
1.2,0.195,0.23,1.5,0.6,0.010430812171253119,1691.331315361225,1691.331315361225,143.7493974542541,13781.22768334583,True,False,0.13833872922084348,0.13833872922084348,0.10491434416106868,-0.16852186598390753,False,False,11.596258273170044
1.2,0.2,0.23,2.1,0.8,0.01043081278807477,1691.3905499529976,1691.3905499529976,143.7493974542541,13781.226868398828,True,False,0.1384007079424142,0.1384007079424142,0.10523904783187076,-0.1684635424940145,False,False,11.625581584554503
1.2,0.19,0.23,1.3,0.8,0.010430842162759909,1694.2114585247305,1694.2114585247305,143.7493974542541,13781.188058569882,True,False,0.13837639614323174,0.13837639614323174,0.10496319404915311,-0.16853541243475215,False,False,11.616637271390951
1.2,0.195,0.24,1.7,0.45,0.01043084676851635,1694.6537583404609,1694.6537583404609,143.74939745460756,13781.181973498975,True,False,0.13803680063400728,0.13803680063400728,0.10446277855297033,-0.16854473512169457,False,False,11.5676724251573
1.2,0.195,0.23,1.3,0.25,0.010430890331168455,1698.8371651803736,1698.8371651803736,143.7493974542541,13781.12441894991,True,False,0.13824917326082678,0.13824917326082678,0.10444582992713135,-0.16855619721391926,False,False,11.594305499206621
1.2,0.2,0.22,1.5,0.8,0.01043091524045964,1701.2292532210586,1701.2292532210586,143.74939745387985,13781.091509238024,True,False,0.13853320127538873,0.13853320127538873,0.10540111043190381,-0.16845483658965557,False,False,11.695060186445653
1.2,0.2,0.23,1.7,0.35,0.010430915412834063,1701.2458066745626,1701.2458066745626,143.7493974542541,13781.091281536683,True,False,0.1382022904725583,0.1382022904725583,0.10483259854326586,-0.1684883145113313,False,False,11.63818256913172
1.2,0.2,0.24,2.1,0.45,0.010430921078422788,1701.7898842612408,1701.7898842612408,143.74939745460756,13781.083796325995,True,False,0.13801807009147637,0.13801807009147637,0.10476646504956397,-0.1684863556398568,False,False,11.630442412666868
1.2,0.19,0.24,1.7,0.8,0.010430963171810699,1705.8321947816091,1705.8321947816091,143.74939745460756,13781.028183771668,True,False,0.13812797924692907,0.13812797924692907,0.1046682337217305,-0.168552516269853,False,False,11.646771207681978
1.2,0.2,0.24,1.9,0.25,0.010430994969402288,1708.8857798072775,1708.8857798072775,143.74939745460756,13780.986174020236,True,False,0.13785824382793996,0.13785824382793996,0.10451839370900971,-0.16849136558265818,False,False,11.64308146420501
1.2,0.2,0.22,1.3,0.35,0.010431003000875762,1709.657057942157,1709.657057942157,143.74939745387985,13780.975563118043,True,False,0.1384469528823805,0.1384469528823805,0.1051044743155674,-0.16848478390703056,False,False,11.712609921845177
1.2,0.185,0.24,1.3,0.45,0.010431025813518312,1711.847800706082,1711.847800706082,143.74939745460756,13780.945424208658,True,False,0.13801166980041066,0.13801166980041066,0.10402476563267248,-0.16865265982715746,False,False,11.621968616054996
1.2,0.195,0.23,1.7,0.8,0.010431180371919691,1726.6903468378596,1726.6903468378596,143.7493974542541,13780.741232432485,True,False,0.13821704620672173,0.13821704620672173,0.10494010586859287,-0.16850730249390958,False,False,11.78389606700671
1.2,0.19,0.24,1.5,0.45,0.01043119736200316,1728.321937844331,1728.321937844331,143.74939745460756,13780.718786726376,True,False,0.13789245776463113,0.13789245776463113,0.10411790849246674,-0.16860195626503818,False,False,11.714987164678428
1.2,0.2,0.22,1.5,0.6,0.0104311998502791,1728.560891858415,1728.560891858415,143.74939745387985,13780.7154993808,True,False,0.13837527984663942,0.13837527984663942,0.10519730029157144,-0.16847041084390688,False,False,11.819989910315035
1.1500000000000001,0.2,0.24,1.3,0.8,0.010431208064025272,1729.3496739976995,1729.3496739976995,143.74939745386945,13780.704648163097,True,False,0.1383256419049843,0.1383256419049843,0.1050107158580081,-0.16851702594863127,False,False,11.637189584715792
1.2,0.195,0.24,1.9,0.6,0.010431214320314516,1729.9504777125626,1729.9504777125626,143.74939745460756,13780.696383033697,True,False,0.1379387480643525,0.1379387480643525,0.10454213355180436,-0.16853352780678202,False,False,11.760471420746915
1.2,0.19,0.23,1.3,0.6,0.010431230020217423,1731.4581701517018,1731.4581701517018,143.7493974542541,13780.675641860485,True,False,0.1381602937161522,0.1381602937161522,0.1046253936296201,-0.16856892679250043,False,False,11.78170867749871
1.2,0.2,0.22,1.3,0.25,0.010431237071349025,1732.1353041357036,1732.1353041357036,143.74939745387985,13780.666326596045,True,False,0.13832673861467035,0.13832673861467035,0.10493001377006658,-0.16849002860067705,False,False,11.815509139731187
1.2,0.195,0.24,2.1,0.8,0.010431259926939112,1734.3301712358448,1734.3301712358448,143.74939745460756,13780.636132301664,True,False,0.13801325806573553,0.13801325806573553,0.10473071421090374,-0.16851687670691243,False,False,11.802020475559445
1.2,0.2,0.23,1.7,0.25,0.010431294464053394,1737.6468379935484,1737.6468379935484,143.7493974542541,13780.590505772756,True,False,0.13799031251180102,0.13799031251180102,0.10461880500310086,-0.1684911662718752,False,False,11.810008712553964
1.2,0.185,0.24,1.5,0.8,0.010431301071908297,1738.2814032476372,1738.2814032476372,143.74939745460756,13780.581776297067,True,False,0.13797274681138086,0.13797274681138086,0.10441690181864258,-0.1685925738612705,False,False,11.796088385549004
1.2,0.18,0.24,1.3,0.8,0.010431310672766566,1739.2033924793932,1739.2033924793932,143.74939745460756,13780.569092808231,True,False,0.1379755630332037,0.1379755630332037,0.10431732733909096,-0.168624682234802,False,False,11.792861950844864
1.2,0.2,0.23,1.9,0.45,0.010431323919321247,1740.4754850812142,1740.4754850812142,143.7493974542541,13780.551593072158,True,False,0.13804585068599806,0.13804585068599806,0.10481261500697885,-0.16848548877876368,False,False,11.84315019839113
1.2,0.195,0.23,1.5,0.45,0.010431335643638986,1741.6013942867303,1741.6013942867303,143.7493974542541,13780.536104397359,True,False,0.13805398837535657,0.13805398837535657,0.10455506405258543,-0.16854191034807778,False,False,11.82793152665897
1.2,0.2,0.24,2.1,0.35,0.010431392917538404,1747.1015190724117,1747.1015190724117,143.74939745460756,13780.460441953086,True,False,0.13774243231509806,0.13774243231509806,0.10454557833960904,-0.16849023164367102,False,False,11.848527255442532
1.2,0.2,0.22,1.7,0.8,0.010431413468380208,1749.0750566789443,1749.0750566789443,143.74939745387985,13780.433293111646,True,False,0.13830512526507732,0.13830512526507732,0.10521197364650503,-0.16846208888146919,False,False,11.93075382985923
1.2,0.195,0.24,1.7,0.35,0.010431429461821547,1750.6109381888211,1750.6109381888211,143.74939745460756,13780.41216505584,True,False,0.13771287973666801,0.13771287973666801,0.1041203651961875,-0.1685540349043606,False,False,11.831401805387744
1.2,0.2,0.23,2.1,0.6,0.010431457169971986,1753.2718061678283,1753.2718061678283,143.7493974542541,13780.375561340694,True,False,0.138048661500612,0.138048661500612,0.10489990134700537,-0.16847932068935734,False,False,11.920404681354077
1.2,0.2,0.22,1.5,0.45,0.010431497161226468,1757.1122446960005,1757.1122446960005,143.74939745387985,13780.322731447566,True,False,0.13821298984242958,0.13821298984242958,0.10499205901272325,-0.16848186471668924,False,False,11.953746414130533
1.2,0.185,0.24,1.3,0.35,0.010431580012262054,1765.0685919846305,1765.0685919846305,143.74939745460756,13780.21328366689,True,False,0.13772507585395033,0.13772507585395033,0.10360026946461175,-0.16867493003729805,False,False,11.867943382670274
1.1500000000000001,0.2,0.24,1.3,0.6,0.010431582046161158,1765.263911300949,1765.263911300949,143.74939745386945,13780.210596797204,True,False,0.13811885584896308,0.13811885584896308,0.10468855468533844,-0.16854913699174764,False,False,11.800554034040836
1.2,0.19,0.23,1.3,0.45,0.010431678434996192,1774.520319996969,1774.520319996969,143.7493974542541,13780.08326752133,True,False,0.13792235039978587,0.13792235039978587,0.1042618401290621,-0.16859649791723066,False,False,11.980661193822725
1.2,0.2,0.23,1.9,0.35,0.010431703427093927,1776.9203601128866,1776.9203601128866,143.7493974542541,13780.050253432095,True,False,0.13782795189807237,0.13782795189807237,0.10461249461357808,-0.1684897656042755,False,False,12.020673366314142
1.2,0.2,0.22,1.5,0.35,0.010431737841305067,1780.2252242411594,1780.2252242411594,143.74939745387985,13780.004793131959,True,False,0.13808279972269352,0.13808279972269352,0.10483107399765908,-0.16848773495709443,False,False,12.064385477227576
1.2,0.195,0.23,1.5,0.35,0.010431759575485025,1782.3124001292151,1782.3124001292151,143.7493974542541,13779.976083044503,True,False,0.1378252958874029,0.1378252958874029,0.1042730937128863,-0.16855218331772193,False,False,12.022228528337505
1.2,0.2,0.22,1.7,0.6,0.010431768646133552,1783.1834722806602,1783.1834722806602,143.74939745387985,13779.964101021294,True,False,0.13810872843815267,0.13810872843815267,0.10498791569128553,-0.16847608717745052,False,False,12.094735963271331
1.2,0.2,0.24,2.1,0.25,0.0104317951459242,1785.7282991012626,1785.7282991012626,143.74939745460756,13779.929095978441,True,False,0.13749384736087933,0.13749384736087933,0.10437470282905428,-0.16849152983981952,False,False,12.040627177175859
1.2,0.195,0.23,1.7,0.6,0.010431804867014815,1786.6618344808546,1786.6618344808546,143.7493974542541,13779.916254835938,True,False,0.1378729694453232,0.1378729694453232,0.10454791466182961,-0.16853179960869843,False,False,12.07075295253213
1.2,0.19,0.24,1.5,0.35,0.010431806840945796,1786.8513949407013,1786.8513949407013,143.74939745460756,13779.913647401716,True,False,0.13756453580058312,0.13756453580058312,0.10371474697876097,-0.16861663200582674,False,False,11.993908877977747
1.2,0.195,0.22,1.3,0.8,0.01043183951351872,1789.9890061385024,1789.9890061385024,143.74939745387985,13779.870488574295,True,False,0.13811199140286354,0.13811199140286354,0.10493700676951816,-0.16850215796612153,False,False,12.128547126100925
1.2,0.19,0.24,1.7,0.6,0.01043185942045953,1791.9007086707998,1791.9007086707998,143.74939745460756,13779.844192750377,True,False,0.13763589727739856,0.13763589727739856,0.10410783622929289,-0.16858751228635782,False,False,12.05678463163437
1.2,0.2,0.22,1.9,0.8,0.010431879104650876,1793.7910201357047,1793.7910201357047,143.74939745387985,13779.818191124514,True,False,0.13809512690032003,0.13809512690032003,0.1050435924856685,-0.1684680578784518,False,False,12.158323661153831
1.2,0.19,0.23,1.5,0.8,0.010431889690326447,1794.8075833026928,1794.8075833026928,143.7493974542541,13779.80420820149,True,False,0.13789116944733829,0.13789116944733829,0.10454675951075204,-0.16855279919794222,False,False,12.116742213773895
1.2,0.18,0.24,1.3,0.6,0.010431898438070207,1795.647646276636,1795.647646276636,143.74939745460756,13779.792653081055,True,False,0.13765003601941808,0.13765003601941808,0.10381055177276409,-0.16867495415790282,False,False,12.053453114077913
1.2,0.195,0.23,1.9,0.8,0.010431993199864894,1804.7478071001283,1804.7478071001283,143.7493974542541,13779.667480622575,True,False,0.1378498813654995,0.1378498813654995,0.10464538977148505,-0.16851774827722701,False,False,12.179763655719766
1.2,0.2,0.22,1.5,0.25,0.01043199477760556,1804.8993206277228,1804.8993206277228,143.74939745387985,13779.66539654216,True,False,0.13794519107712944,0.13794519107712944,0.10466540892010152,-0.16849092666661392,False,False,12.184922887649176
1.2,0.2,0.23,2.1,0.45,0.010431999947825947,1805.3958270222251,1805.3958270222251,143.7493974542541,13779.658567215754,True,False,0.13774287500787352,0.13774287500787352,0.10462763607870089,-0.16848768271533743,False,False,12.178983873218522
1.2,0.195,0.24,1.7,0.25,0.010432002411691212,1805.6324368313706,1805.6324368313706,143.74939745460756,13779.65531272373,True,False,0.13739340134882383,0.13739340134882383,0.10379887989899017,-0.16855831256649623,False,False,12.101609687198883
1.1500000000000001,0.2,0.24,1.3,0.45,0.010432013089169957,1806.6578160370825,1806.6578160370825,143.74939745386945,13779.641208761861,True,False,0.13789118720786794,0.13789118720786794,0.1043418918380513,-0.16857555369646823,False,False,11.99630958328428
1.2,0.195,0.24,1.9,0.45,0.010432036142251846,1808.871648661983,1808.871648661983,143.74939745460756,13779.610758094825,True,False,0.13747955874382947,0.13747955874382947,0.10409039256987193,-0.1685497962843622,False,False,12.146512839462826
1.2,0.2,0.23,1.9,0.25,0.010432049063265747,1810.1124789448147,1810.1124789448147,143.7493974542541,13779.593690796297,True,False,0.1376240317928037,0.1376240317928037,0.10444162066063438,-0.16849144017262319,False,False,12.186800741978201
1.2,0.19,0.23,1.3,0.35,0.010432078293557114,1812.919521099598,1812.919521099598,143.7493974542541,13779.555080892578,True,False,0.13771507685418052,0.13771507685418052,0.10395324166553402,-0.1686126943600025,False,False,12.164487929754443
1.2,0.195,0.22,1.3,0.6,0.010432079435299939,1813.0291649002818,1813.0291649002818,143.74939745387985,13779.553572748158,True,False,0.13797741622409396,0.13797741622409396,0.10472583359506926,-0.16852310437402215,False,False,12.236831128877752
1.2,0.185,0.24,1.5,0.6,0.010432094290331678,1814.4557227057044,1814.4557227057044,143.74939745460756,13779.533951090963,True,False,0.13753639259463313,0.13753639259463313,0.1038560048665501,-0.16863540356914797,False,False,12.160193780123793
1.2,0.2,0.22,1.7,0.45,0.010432111801329729,1816.1373381602132,1816.1373381602132,143.74939745387985,13779.510821150981,True,False,0.13791811238650808,0.13791811238650808,0.10477772336716593,-0.16848529777114862,False,False,12.257168521559013
1.2,0.19,0.24,1.9,0.8,0.010432121493855922,1817.0681304424231,1817.0681304424231,143.74939745460756,13779.498018621607,True,False,0.1376039291657444,0.1376039291657444,0.10424714181381106,-0.16856743887255257,False,False,12.209434185645783
1.1500000000000001,0.2,0.24,1.5,0.8,0.01043219960756805,1824.5695432768157,1824.5695432768157,143.74939745386945,13779.394841101997,True,False,0.13786611145946162,0.13786611145946162,0.10461524972900238,-0.16853368466851984,False,False,12.120093562760772
1.2,0.195,0.23,1.5,0.25,0.010432212682646987,1825.8251687270092,1825.8251687270092,143.7493974542541,13779.377570912431,True,False,0.13758310664459117,0.13758310664459117,0.10398265284336512,-0.16855776883696194,False,False,12.236676627143042
1.2,0.195,0.24,2.1,0.6,0.010432230165105777,1827.504043500341,1827.504043500341,143.74939745460756,13779.354479296999,True,False,0.13748452399461067,0.13748452399461067,0.10422145826053339,-0.16854054410535704,False,False,12.263436611411583
1.2,0.185,0.24,1.3,0.25,0.01043223585132674,1828.0501024411888,1828.0501024411888,143.74939745460756,13779.346968687058,True,False,0.13738905379023217,0.13738905379023217,0.10311878821118746,-0.16868935315656822,False,False,12.172480217112588
1.2,0.2,0.22,1.9,0.6,0.01043228194240152,1832.4763186648026,1832.4763186648026,143.74939745387985,13779.286089807176,True,False,0.13787311104992503,0.13787311104992503,0.10481279593255055,-0.16848031676414385,False,False,12.352015630393058
1.2,0.185,0.23,1.3,0.8,0.010432290311265177,1833.279997040098,1833.279997040098,143.7493974542541,13779.275035993594,True,False,0.13771242457073404,0.13771242457073404,0.10429089351838323,-0.16859142752689613,False,False,12.308537919502834
1.2,0.2,0.22,2.1,0.8,0.010432307807475555,1834.9601924054102,1834.9601924054102,143.74939745387985,13779.251926488623,True,False,0.1379055705247533,0.1379055705247533,0.10489654855145221,-0.16847291630356645,False,False,12.374169790679419
1.2,0.2,0.23,2.1,0.35,0.01043235303883255,1839.3038482455866,1839.3038482455866,143.7493974542541,13779.192184080901,True,False,0.13753586252607164,0.13753586252607164,0.10446183041375665,-0.16849058971837394,False,False,12.352518838078252
1.2,0.195,0.22,1.3,0.45,0.010432357262370833,1839.7094429026565,1839.7094429026565,143.74939745387985,13779.186605541125,True,False,0.13782937790600394,0.13782937790600394,0.10449861473871215,-0.16854033625831258,False,False,12.3660073629214
1.2,0.2,0.22,1.7,0.35,0.01043236839194426,1840.7782376464484,1840.7782376464484,143.74939745387985,13779.171905478463,True,False,0.13777459686260585,0.13777459686260585,0.10462562932684233,-0.16848943098830915,False,False,12.381268691681672
1.1500000000000001,0.2,0.24,1.3,0.35,0.010432396680866665,1843.4948782954298,1843.4948782954298,143.74939745386945,13779.134541299627,True,False,0.13769289323388514,0.13769289323388514,0.10404771458603547,-0.16859107199486326,False,False,12.176418683788711
1.2,0.195,0.23,1.7,0.45,0.010432408480016449,1844.6279737688633,1844.6279737688633,143.7493974542541,13779.118957008808,True,False,0.13753876420815203,0.13753876420815203,0.1041798036114388,-0.16854791822139958,False,False,12.359708073214344
1.2,0.19,0.24,1.5,0.25,0.010432459034178887,1849.4827890454221,1849.4827890454221,143.74939745460756,13779.052185458375,True,False,0.13721660421987517,0.13721660421987517,0.10329908449911936,-0.1686246113583986,False,False,12.30578653285467
1.2,0.19,0.23,1.5,0.6,0.010432463060506044,1849.869445131649,1849.869445131649,143.7493974542541,13779.046867507557,True,False,0.1375743577185323,0.1375743577185323,0.10413879453391346,-0.16858394796461815,False,False,12.387527307256818
1.2,0.195,0.22,1.5,0.8,0.010432496327676125,1853.0641566594381,1853.0641566594381,143.74939745387985,13779.002928812966,True,False,0.13780807804728093,0.13780807804728093,0.10467651721115967,-0.168513024661929,False,False,12.45736151577926
1.2,0.19,0.23,1.3,0.25,0.010432551314654431,1858.3446639296055,1858.3446639296055,143.7493974542541,13778.930303686282,True,False,0.13747242845685767,0.13747242845685767,0.10360348271736328,-0.16862318385051842,False,False,12.389347151605065
1.2,0.18,0.24,1.3,0.45,0.010432577313141449,1860.8413495802936,1860.8413495802936,143.74939745460756,13778.895965959715,True,False,0.137291164322896,0.137291164322896,0.10326494047531906,-0.16871631120823594,False,False,12.370862003143069
1.1500000000000001,0.195,0.24,1.3,0.8,0.010432582853666607,1861.3734170675652,1861.3734170675652,143.74939745386945,13778.88864820735,True,False,0.13769554521649496,0.13769554521649496,0.10437121473121361,-0.16857069565443084,False,False,12.306957437043458
1.2,0.195,0.22,1.3,0.35,0.010432605148302571,1863.5144146440796,1863.5144146440796,143.74939745387985,13778.85920251362,True,False,0.13770056340742798,0.13770056340742798,0.10430582257104011,-0.16855045898896748,False,False,12.484098198889372
1.2,0.195,0.24,1.9,0.35,0.01043260885989462,1863.8708461012043,1863.8708461012043,143.74939745460756,13778.854300501358,True,False,0.13715184377989922,0.13715184377989922,0.10378958882237056,-0.1685562115545333,False,False,12.428122028992442
1.2,0.2,0.22,1.7,0.25,0.010432620055716107,1864.9460027760892,1864.9460027760892,143.74939745387985,13778.83951358111,True,False,0.13763345327070672,0.13763345327070672,0.1044830128453404,-0.16849133216208875,False,False,12.505388599702984
1.2,0.2,0.22,1.9,0.45,0.010432644669913766,1867.309752407255,1867.309752407255,143.74939745387985,13778.807004558705,True,False,0.13766915898318643,0.13766915898318643,0.10461207112803546,-0.1684875471663787,False,False,12.530950327910213
1.2,0.2,0.23,2.1,0.25,0.01043265366379131,1868.1734520907105,1868.1734520907105,143.7493974542541,13778.795126034542,True,False,0.13734918453243003,0.13734918453243003,0.10433356917038583,-0.16849156336549717,False,False,12.503914885093343
1.2,0.185,0.24,1.7,0.8,0.010432666850607559,1869.4398078937616,1869.4398078937616,143.74939745460756,13778.777709769976,True,False,0.137345804605611,0.137345804605611,0.10389606218293417,-0.16861251788750545,False,False,12.47477681683973
1.2,0.195,0.23,1.9,0.6,0.010432701036097452,1872.7227074725395,1872.7227074725395,143.7493974542541,13778.732559945594,True,False,0.13746094813960022,0.13746094813960022,0.10424124379739447,-0.16853920141802328,False,False,12.525874644532541
1.2,0.19,0.24,1.7,0.45,0.010432726071899141,1875.126944564761,1875.126944564761,143.74939745460756,13778.699494641276,True,False,0.137157569119123,0.137157569119123,0.10358157584792754,-0.16861053898121034,False,False,12.4767849222114
1.2,0.185,0.23,1.3,0.6,0.010432726730278922,1875.1901700652074,1875.1901700652074,143.7493974542541,13778.69862507277,True,False,0.1374691526030579,0.1374691526030579,0.10391072034782724,-0.168629131351094,False,False,12.51303030975512
1.2,0.2,0.22,2.1,0.6,0.010432736849996536,1876.1619863766423,1876.1619863766423,143.74939745387985,13778.685259748268,True,False,0.13767049688503383,0.13767049688503383,0.10467020223544743,-0.16848343510582472,False,False,12.587631751793415
1.2,0.195,0.23,2.1,0.8,0.010432741849619398,1876.6421099564782,1876.6421099564782,143.7493974542541,13778.678656704067,True,False,0.1375182328940383,0.1375182328940383,0.10438788917695817,-0.16852625055516057,False,False,12.562649014404977
1.1500000000000001,0.2,0.24,1.5,0.6,0.010432749027936594,1877.3314578222507,1877.3314578222507,143.74939745386945,13778.66917616252,True,False,0.13756413838659398,0.13756413838659398,0.1042266754867932,-0.16856352920078166,False,False,12.384502611667905
1.2,0.175,0.24,1.3,0.8,0.010432758414930252,1878.2329092164496,1878.2329092164496,143.74939745460756,13778.656778718152,True,False,0.1373113962121053,0.1373113962121053,0.10364486161797544,-0.16868069772419858,False,False,12.50446810962
1.1500000000000001,0.2,0.24,1.3,0.25,0.0104328497378355,1887.0028267488462,1887.0028267488462,143.74939745386945,13778.53616855533,True,False,0.13746082550544733,0.13746082550544733,0.103714464469448,-0.16860112228868238,False,False,12.395942142434746
1.2,0.195,0.22,1.5,0.6,0.010432852443695823,1887.2626758175536,1887.2626758175536,143.74939745387985,13778.53259496085,True,False,0.13761040892061516,0.13761040892061516,0.10442151584117354,-0.1685324925712095,False,False,12.6304542893292
1.2,0.2,0.21,1.3,0.8,0.010432857941882022,1887.7906774116584,1887.7906774116584,143.74939745348348,13778.525333543648,True,False,0.13784528710452312,0.13784528710452312,0.10491045612976571,-0.16846890358742903,False,False,12.680978905026238
1.2,0.195,0.23,1.7,0.35,0.010432860235880505,1888.0109745808752,1888.0109745808752,143.7493974542541,13778.522303967398,True,False,0.13728687083503624,0.13728687083503624,0.10391325431598067,-0.16855515138682145,False,False,12.583619009598015
1.2,0.18,0.24,1.5,0.8,0.010432880393367403,1889.9467375450365,1889.9467375450365,143.74939745460756,13778.495682361581,True,False,0.13724758532380577,0.13724758532380577,0.10369208944750312,-0.16865076256989653,False,False,12.57560140637514
1.2,0.19,0.23,1.7,0.8,0.010432885810007128,1890.466908071416,1890.466908071416,143.7493974542541,13778.488528684076,True,False,0.13743451042033428,0.13743451042033428,0.10416783548098055,-0.16856730389615393,False,False,12.623363911391467
1.2,0.2,0.22,1.9,0.35,0.010432896999621702,1891.5414686842396,1891.5414686842396,143.74939745387985,13778.473750780078,True,False,0.13752377920979578,0.13752377920979578,0.10447853857728837,-0.1684903983836629,False,False,12.658099256225542
1.2,0.195,0.22,1.3,0.25,0.010432898286202138,1891.665021524475,1891.665021524475,143.74939745387985,13778.472051624745,True,False,0.13755000098009162,0.13755000098009162,0.10408748372466341,-0.16855701488878339,False,False,12.62692659930764
1.2,0.185,0.24,1.5,0.45,0.0104329230201413,1894.0402701668163,1894.0402701668163,143.74939745460756,13778.439386267097,True,False,0.1370870560222741,0.1370870560222741,0.10329059419829298,-0.16866690214652635,False,False,12.562159434403712
1.2,0.2,0.21,1.3,0.6,0.010432952895974644,1896.909304982598,1896.909304982598,143.74939745348348,13778.399930181458,True,False,0.13779165451386652,0.13779165451386652,0.10482596809524278,-0.16847728212430488,False,False,12.726336364161261
1.1500000000000001,0.195,0.24,1.3,0.6,0.010433003704909039,1901.7885865093972,1901.7885865093972,143.74939745386945,13778.332829138273,True,False,0.13746274178951504,0.13746274178951504,0.10400861274110601,-0.16860682089717707,False,False,12.507966878663037
1.2,0.195,0.24,2.1,0.45,0.010433048308463408,1906.0719532332737,1906.0719532332737,143.74939745460756,13778.273923834553,True,False,0.13702494217940617,0.13702494217940617,0.10381231841531721,-0.1685530872053794,False,False,12.67511728936741
1.2,0.19,0.23,1.5,0.45,0.010433062195094439,1907.4055136211316,1907.4055136211316,143.7493974542541,13778.25558462061,True,False,0.13724840048221884,0.13724840048221884,0.10372770131837994,-0.16860685592180621,False,False,12.682167678986227
1.2,0.2,0.21,1.3,0.45,0.010433063037678268,1907.486428597229,1907.486428597229,143.74939745348348,13778.25447180207,True,False,0.13773271245621288,0.13773271245621288,0.10473508230576868,-0.16848417485054767,False,False,12.779968236922118
1.2,0.2,0.22,2.1,0.45,0.010433098106851155,1910.8541899853544,1910.8541899853544,143.74939745387985,13778.208158464762,True,False,0.13746634028398338,0.13746634028398338,0.10448851898822535,-0.16848900979093648,False,False,12.772095547786698
1.2,0.195,0.22,1.7,0.8,0.010433120694298874,1913.023306848519,1913.023306848519,143.74939745387985,13778.17832898559,True,False,0.13752222507884207,0.13752222507884207,0.10443960805981972,-0.16852209006821064,False,False,12.782504826341642
1.2,0.2,0.21,1.5,0.8,0.01043312152242812,1913.102833722653,1913.102833722653,143.74939745348348,13778.177235304398,True,False,0.13772346138408173,0.13772346138408173,0.10480617323527577,-0.16847325025327584,False,False,12.81920009272164
1.2,0.2,0.22,1.9,0.25,0.010433126566039116,1913.5871815692192,1913.5871815692192,143.74939745387985,13778.170574657715,True,False,0.1373878044557936,0.1373878044557936,0.1043645347791109,-0.1684915147625882,False,False,12.775910675223106
1.2,0.195,0.24,1.9,0.25,0.010433131603643255,1914.0709525655882,1914.0709525655882,143.74939745460756,13778.163921981986,True,False,0.13684470532744322,0.13684470532744322,0.1035324633276869,-0.16855872341963854,False,False,12.694716365593974
1.2,0.19,0.24,1.9,0.6,0.01043313671683391,1914.5619822832164,1914.5619822832164,143.74939745460756,13778.15716942224,True,False,0.137047731599741,0.137047731599741,0.10366943404033155,-0.16859808634625514,False,False,12.714566795367148
1.1500000000000001,0.2,0.24,1.7,0.8,0.010433141889506291,1915.0587241474564,1915.0587241474564,143.74939745386945,13778.150338245983,True,False,0.1374338062955663,0.1374338062955663,0.10425550294860758,-0.16854758202047057,False,False,12.60687956452383
1.2,0.2,0.21,1.3,0.35,0.01043316137010388,1916.929484104835,1916.929484104835,143.74939745348348,13778.124611912546,True,False,0.13768148225362134,0.13768148225362134,0.10465799941566956,-0.16848822392435872,False,False,12.828529428216585
1.2,0.18,0.24,1.3,0.35,0.010433182645743838,1918.972625498271,1918.972625498271,143.74939745460756,13778.096515280444,True,False,0.136978088058477,0.136978088058477,0.10280150829865545,-0.16874060610310693,False,False,12.667397106412823
1.2,0.19,0.24,2.1,0.8,0.010433188779565394,1919.5616684011807,1919.5616684011807,143.74939745460756,13778.088414939579,True,False,0.13713025103295232,0.13713025103295232,0.10387903647872426,-0.1685795850324278,False,False,12.764182573352683
1.2,0.195,0.22,1.5,0.45,0.010433224629200285,1923.0043790848206,1923.0043790848206,143.74939745387985,13778.041071938307,True,False,0.13740721040966739,0.13740721040966739,0.10416465697956297,-0.16854680998249214,False,False,12.816224830817474
1.2,0.185,0.23,1.3,0.45,0.010433231574246872,1923.6713255168913,1923.6713255168913,143.7493974542541,13778.031900401937,True,False,0.13720120592776888,0.13720120592776888,0.10350150629484163,-0.16866014901537577,False,False,12.759490826386225
1.2,0.2,0.21,1.5,0.6,0.010433263055156442,1926.6944989477429,1926.6944989477429,143.74939745348348,13777.990327047115,True,False,0.1376445301063356,0.1376445301063356,0.10470416405415174,-0.16848103738902154,False,False,12.89002347411134
1.2,0.2,0.21,1.3,0.25,0.010433277613076001,1928.0925244883142,1928.0925244883142,143.74939745348348,13777.971102132155,True,False,0.13762169875626049,0.13762169875626049,0.10457076993286847,-0.1684908462715787,False,False,12.886649040015369
1.2,0.19,0.22,1.3,0.8,0.010433290471543023,1929.3273482717861,1929.3273482717861,143.74939745387985,13777.954121564886,True,False,0.1374469991377912,0.1374469991377912,0.10426409786090492,-0.1685581729088644,False,False,12.863668624531243
1.2,0.195,0.23,1.7,0.25,0.01043330409224884,1930.6353713402668,1930.6353713402668,143.7493974542541,13777.936134445568,True,False,0.13703868534107974,0.13703868534107974,0.1036630556389262,-0.16855847845752456,False,False,12.81036073393293
1.1500000000000001,0.2,0.24,1.5,0.45,0.010433322239854301,1932.3781214518342,1932.3781214518342,143.74939745386945,13777.912169218773,True,False,0.13725347478289032,0.13725347478289032,0.10383526483383214,-0.16858547800280613,False,False,12.671064654907761
1.2,0.2,0.22,2.1,0.35,0.010433332954762743,1933.407095104642,1933.407095104642,143.74939745387985,13777.898019468386,True,False,0.1373281421163739,0.1373281421163739,0.10437788799495107,-0.1684909477930816,False,False,12.894522692942134
1.2,0.195,0.23,1.9,0.45,0.01043333890528103,1933.9785350353495,1933.9785350353495,143.7493974542541,13777.890161460457,True,False,0.1371034083642968,0.1371034083642968,0.10388952986571068,-0.16855185468200062,False,False,12.851124746637877
1.2,0.2,0.21,1.7,0.8,0.010433371996215883,1937.1563223488915,1937.1563223488915,143.74939745348348,13777.846462832962,True,False,0.13760894259387157,0.13760894259387157,0.10471137715779333,-0.1684768764037443,False,False,12.952808950093443
1.2,0.19,0.24,1.7,0.35,0.010433375275326676,1937.4712217836147,1937.4712217836147,143.74939745460756,13777.842132694366,True,False,0.13679666738529286,0.13679666738529286,0.10320024458088475,-0.1686208721251982,False,False,12.806753287206037
1.2,0.175,0.24,1.3,0.6,0.010433395284657847,1939.3927570629846,1939.3927570629846,143.74939745460756,13777.815709329916,True,False,0.13695851337178291,0.13695851337178291,0.10309565284605772,-0.16873515922206175,False,False,12.814193058659642
1.2,0.2,0.21,1.5,0.45,0.01043341100466862,1940.9023804998021,1940.9023804998021,143.74939745348348,13777.79495019991,True,False,0.13756346227534758,0.13756346227534758,0.10460145137543023,-0.1684867643287357,False,False,12.965053021365756
1.2,0.185,0.23,1.5,0.8,0.010433471359730436,1946.6983953479178,1946.6983953479178,143.7493974542541,13777.715249123767,True,False,0.13716528135341596,0.13716528135341596,0.10382156950595842,-0.16861098772213032,False,False,12.92430288757677
1.1500000000000001,0.195,0.24,1.3,0.45,0.010433489038605817,1948.3961323913802,1948.3961323913802,143.74939745386945,13777.691903635534,True,False,0.13720634301378234,0.13720634301378234,0.1036183755970103,-0.16863653996897435,False,False,12.7489018619882
1.2,0.195,0.23,2.1,0.6,0.010433495576505686,1949.0239797264028,1949.0239797264028,143.7493974542541,13777.683270212077,True,False,0.1371063368341415,0.1371063368341415,0.10399136536358092,-0.1685446585411133,False,False,12.95095650300002
1.1500000000000001,0.2,0.23,1.3,0.8,0.010433512407489394,1950.6402920710655,1950.6402920710655,143.74939745353072,13777.66104445751,True,False,0.13744687250523194,0.13744687250523194,0.10434749101269744,-0.16853883336292577,False,False,12.829832498797268
1.2,0.195,0.22,1.5,0.35,0.01043352608198442,1951.953480622702,1951.953480622702,143.74939745387985,13777.642987071464,True,False,0.1372441351213046,0.1372441351213046,0.10396310798745914,-0.16855414781978814,False,False,12.970242626664144
1.2,0.2,0.21,1.5,0.35,0.010433530790289412,1952.405628376746,1952.405628376746,143.74939745348348,13777.636769642013,True,False,0.13749848018945462,0.13749848018945462,0.10452090251349137,-0.16848969944967015,False,False,13.026505420518012
1.2,0.2,0.22,2.1,0.25,0.010433532651005323,1952.5843165716537,1952.5843165716537,143.74939745387985,13777.63431257666,True,False,0.1372035304661381,0.1372035304661381,0.10429231067054091,-0.16849159689117243,False,False,13.000400167802484
1.2,0.19,0.23,1.5,0.35,0.010433547656945525,1954.0253664124555,1954.0253664124555,143.7493974542541,13777.61449707486,True,False,0.13698649586317893,0.13698649586317893,0.10340494440188858,-0.16861859651737157,False,False,12.929524160251797
1.2,0.2,0.21,1.7,0.6,0.010433549009858784,1954.15528932365,1954.15528932365,143.74939745348348,13777.612710464386,True,False,0.13751066770367734,0.13751066770367734,0.10459921860150308,-0.1684838755577379,False,False,13.044071509160998
1.2,0.195,0.22,1.7,0.6,0.010433565368549405,1955.72624643778,1955.72624643778,143.74939745387985,13777.591108710862,True,False,0.13727626310766064,0.13727626310766064,0.10415914766733793,-0.1685395880223434,False,False,13.010480256841152
1.2,0.19,0.22,1.3,0.6,0.010433578425129925,1956.9800954486395,1956.9800954486395,143.74939745387985,13777.573867432717,True,False,0.1372854058228891,0.1372854058228891,0.10401058929869667,-0.168583308712878,False,False,13.006026674047531
1.2,0.195,0.24,2.1,0.35,0.010433581384528347,1957.2642922779044,1957.2642922779044,143.74939745460756,13777.569959608436,True,False,0.1367135590351604,0.1367135590351604,0.1035629295378622,-0.1685574477318378,False,False,12.954927356295034
1.2,0.185,0.24,1.5,0.35,0.010433594783863359,1958.5510566741834,1958.5510566741834,143.74939745460756,13777.55226577622,True,False,0.1367255948021319,0.1367255948021319,0.10284642665369943,-0.16868304554223337,False,False,12.903972320072901
1.2,0.19,0.23,1.7,0.6,0.010433600648468336,1959.114246181443,1959.114246181443,143.7493974542541,13777.544521541246,True,False,0.13704053363125723,0.13704053363125723,0.1037189996155468,-0.16859530073335094,False,False,12.988139122029962
1.2,0.2,0.21,1.9,0.8,0.010433606086074708,1959.6364301759993,1959.6364301759993,143.74939745348348,13777.537341125013,True,False,0.13750353045941446,0.13750353045941446,0.10462700336246245,-0.16847986090523884,False,False,13.079719363287763
1.2,0.185,0.24,1.7,0.6,0.010433654286338962,1964.2651959976345,1964.2651959976345,143.74939745460756,13777.473693260294,True,False,0.13680348744690699,0.13680348744690699,0.10327878083991512,-0.1686510136906302,False,False,12.976774796799704
1.2,0.2,0.21,1.5,0.25,0.01043365861009811,1964.680415060708,1964.680415060708,143.74939745348348,13777.46798370009,True,False,0.13742988226587727,0.13742988226587727,0.10443804001433238,-0.16849129530456253,False,False,13.092820705592773
1.2,0.185,0.23,1.3,0.35,0.010433681975067978,1966.924198899355,1966.924198899355,143.7493974542541,13777.437130799413,True,False,0.13696770377281808,0.13696770377281808,0.10315406861822647,-0.16867837010367737,False,False,12.98730556826465
1.1500000000000001,0.195,0.24,1.5,0.8,0.010433700823031664,1968.734205783532,1968.734205783532,143.74939745386945,13777.412242504857,True,False,0.13717735724025934,0.13717735724025934,0.10392550278600951,-0.16858943687656355,False,False,12.898082993519175
1.2,0.195,0.22,1.9,0.8,0.010433704435323451,1969.0811012418806,1969.0811012418806,143.74939745387985,13777.407472576497,True,False,0.1372589352241178,0.1372589352241178,0.10422863853321236,-0.16852955134950776,False,False,13.097695764936825
1.2,0.2,0.21,1.7,0.45,0.010433720048709494,1970.5804852969632,1970.5804852969632,143.74939745348348,13777.386855540875,True,False,0.1374153248069542,0.1374153248069542,0.1044940150709568,-0.16848848085646986,False,False,13.13337721255421
1.2,0.18,0.23,1.3,0.8,0.010433740838540432,1972.5769734983212,1972.5769734983212,143.7493974542541,13777.359403376086,True,False,0.1370472404603499,0.1370472404603499,0.10361781429136523,-0.16864744286701475,False,False,13.062636306524821
1.2,0.18,0.24,1.5,0.6,0.010433746590649598,1973.1293598123953,1973.1293598123953,143.74939745460756,13777.351807971965,True,False,0.1367709173334859,0.1367709173334859,0.10307964486298006,-0.1686974861068009,False,False,13.013980329595674
1.2,0.195,0.23,1.9,0.35,0.0104337832080229,1976.6457979199818,1976.6457979199818,143.7493974542541,13777.303456307218,True,False,0.13684831745269102,0.13684831745269102,0.1036553623978899,-0.16855684433706367,False,False,13.085408314302658
1.1500000000000001,0.2,0.24,1.5,0.35,0.010433786122176684,1976.9256498180155,1976.9256498180155,143.74939745386945,13777.299608273035,True,False,0.1370038973816179,0.1370038973816179,0.10352812794603265,-0.16859672702438644,False,False,12.91085332659868
1.1500000000000001,0.2,0.23,1.3,0.6,0.010433790160470148,1977.3134550520947,1977.3134550520947,143.74939745353072,13777.294275875427,True,False,0.13729223050450182,0.13729223050450182,0.1041057136494074,-0.16856291671279658,False,False,12.969128781986797
1.2,0.2,0.21,1.9,0.6,0.010433807091144248,1978.9393408605436,1978.9393408605436,143.74939745348348,13777.271919804956,True,False,0.13739237324179734,0.13739237324179734,0.10451147077235039,-0.16848599035214087,False,False,13.185789361084966
1.2,0.19,0.23,1.9,0.8,0.010433817460458123,1979.9351263899255,1979.9351263899255,143.7493974542541,13777.25822778027,True,False,0.13701362852944735,0.13701362852944735,0.10383022913345485,-0.1685792419903033,False,False,13.124783634156412
1.2,0.2,0.21,2.1,0.8,0.010433821609217376,1980.3335398702013,1980.3335398702013,143.74939745348348,13777.25274950967,True,False,0.13740840936844023,0.13740840936844023,0.10455333884764723,-0.1684822901197336,False,False,13.19835631396605
1.1500000000000001,0.2,0.24,1.7,0.6,0.010433824693521667,1980.6297316547762,1980.6297316547762,143.74939745386945,13777.248676903979,True,False,0.13705908198473082,0.13705908198473082,0.10382838967083569,-0.1685744066185464,False,False,12.960175080347263
1.2,0.2,0.21,1.7,0.35,0.010433847906110415,1982.8588820359005,1982.8588820359005,143.74939745348348,13777.218026084025,True,False,0.13734358269510238,0.13734358269510238,0.10441790326397486,-0.16849054746537462,False,False,13.200892482802852
1.2,0.195,0.22,1.5,0.25,0.010433848141453135,1982.8814824583712,1982.8814824583712,143.74939745387985,13777.217715367256,True,False,0.13707164923955162,0.13707164923955162,0.10375557379598425,-0.16855813747671533,False,False,13.138418486075373
1.2,0.18,0.24,1.3,0.25,0.010433899436935097,1987.8074881014709,1987.8074881014709,143.74939745460756,13777.149983422994,True,False,0.13661080575843934,0.13661080575843934,0.10227564842294748,-0.16875634049351854,False,False,13.034403606868684
1.2,0.19,0.22,1.3,0.45,0.010433912064945075,1989.020180643435,1989.020180643435,143.74939745387985,13777.133309071698,True,False,0.13710758768192713,0.13710758768192713,0.10373777903260112,-0.16860398707338456,False,False,13.176024277890635
1.1500000000000001,0.195,0.24,1.3,0.35,0.010433921158987138,1989.8934993219198,1989.8934993219198,143.74939745386945,13777.121301137353,True,False,0.13698293592101388,0.13698293592101388,0.10328714204604152,-0.16865399822512708,False,False,12.9707199248004
1.2,0.185,0.24,1.9,0.8,0.010433944711106875,1992.155255529149,1992.155255529149,143.74939745460756,13777.090202671587,True,False,0.13676761312648011,0.13676761312648011,0.10343177903122919,-0.168628932827545,False,False,13.16085766878935
1.1500000000000001,0.19,0.24,1.3,0.8,0.010433959955329504,1993.6191880982929,1993.6191880982929,143.74939745386945,13777.070073998559,True,False,0.13706427144857258,0.13706427144857258,0.10373093846302965,-0.16862436581852336,False,False,13.032888030968788
1.2,0.2,0.21,1.7,0.25,0.010433973206301057,1994.8917048609273,1994.8917048609273,143.74939745348348,13777.052577312877,True,False,0.13727310101674087,0.13727310101674087,0.10434655149954021,-0.16849149805230704,False,False,13.267785478530802
1.2,0.2,0.21,1.9,0.45,0.010433988046650484,1996.316852695096,1996.316852695096,143.74939745348348,13777.0329820945,True,False,0.13729028565058835,0.13729028565058835,0.10441100563589557,-0.16848960555430162,False,False,13.282527018115454
1.2,0.195,0.22,1.7,0.45,0.010433995212774643,1997.005029639681,1997.005029639681,143.74939745387985,13777.023519991968,True,False,0.13703745521218025,0.13703745521218025,0.10389594229785828,-0.16855110132183881,False,False,13.236968594121652
1.2,0.19,0.24,1.7,0.25,0.010434014222556812,1998.8305762697794,1998.8305762697794,143.74939745460756,13776.998419634354,True,False,0.13644043378155857,0.13644043378155857,0.10284193361714478,-0.16862562510702617,False,False,13.144877759581176
1.1500000000000001,0.2,0.24,1.9,0.8,0.010434022590772826,1999.6341924506103,1999.6341924506103,143.74939745386945,13776.987370239365,True,False,0.13703552523106785,0.13703552523106785,0.10393506695120082,-0.16855902024852062,False,False,13.086586686298208
1.2,0.2,0.21,2.1,0.6,0.010434035842028675,2000.9067365148323,2000.9067365148323,143.74939745348348,13776.969873388367,True,False,0.13729068402034508,0.13729068402034508,0.10444004108530396,-0.16848754952354975,False,False,13.313630452497472
1.2,0.195,0.24,2.1,0.25,0.010434036445399196,2000.9646793681543,2000.9646793681543,143.74939745460756,13776.969076813288,True,False,0.13643246014653462,0.13643246014653462,0.10336978312356795,-0.16855890820985783,False,False,13.201537143492247
1.2,0.19,0.24,1.9,0.45,0.01043405231817551,2002.48897317926,2002.48897317926,143.74939745460756,13776.948118633114,True,False,0.1365360702866809,0.1365360702866809,0.10316635184523017,-0.16861616252339928,False,False,13.197094072192803
1.2,0.19,0.23,1.5,0.25,0.010434066920952218,2003.8913064397684,2003.8913064397684,143.7493974542541,13776.928837364163,True,False,0.1367089457341398,0.1367089457341398,0.10307228969702979,-0.16862497999995205,False,False,13.20283667076825
1.2,0.19,0.22,1.5,0.8,0.010434080375314753,2005.1833552370197,2005.1833552370197,143.74939745387985,13776.911072485727,True,False,0.137081458592642,0.137081458592642,0.10395095182279808,-0.16857121300162228,False,False,13.293890733121762
1.1500000000000001,0.2,0.23,1.3,0.45,0.010434110950118794,2008.119513578451,2008.119513578451,143.74939745353072,13776.870702327937,True,False,0.1371220750114214,0.1371220750114214,0.10384557511084377,-0.16858272927386744,False,False,13.134657703607287
1.2,0.2,0.21,1.9,0.35,0.010434113862394175,2008.3991850896984,2008.3991850896984,143.74939745348348,13776.866857048008,True,False,0.13721753918978408,0.13721753918978408,0.10434417983562025,-0.16849103116307873,False,False,13.350553587777554
1.2,0.185,0.23,1.5,0.6,0.010434117044682847,2008.704786506377,2008.704786506377,143.7493974542541,13776.86265533199,True,False,0.13680838560106423,0.13680838560106423,0.10336218698126551,-0.1686460302491284,False,False,13.25967342755578
1.2,0.195,0.23,2.1,0.45,0.010434130915476129,2010.0368259641164,2010.0368259641164,143.7493974542541,13776.844340820173,True,False,0.13674836037916074,0.13674836037916074,0.1036728417096868,-0.16855441428755094,False,False,13.292122215109684
1.2,0.175,0.24,1.3,0.45,0.010434131285058205,2010.0723176551187,2010.0723176551187,143.74939745460756,13776.843852871425,True,False,0.1365693569734816,0.1365693569734816,0.10250427694276591,-0.16877996290819652,False,False,13.191080146481571
1.2,0.195,0.23,1.9,0.25,0.010434188327371141,2015.5502027370947,2015.5502027370947,143.7493974542541,13776.768536673642,True,False,0.13660937882935306,0.13660937882935306,0.10345522134180361,-0.16855879800997306,False,False,13.304971960931711
1.2,0.17,0.24,1.3,0.8,0.010434208532057003,2017.4904983102028,2017.4904983102028,143.74939745460756,13776.741859525475,True,False,0.13664601789938283,0.13664601789938283,0.10297162450311893,-0.16873671346137323,False,False,13.278269212481545
1.2,0.195,0.22,1.9,0.6,0.01043420903911849,2017.5391924183104,2017.5391924183104,143.74939745387985,13776.741189960307,True,False,0.1369807519044528,0.1369807519044528,0.10393962680651014,-0.1685448750316496,False,False,13.367851661476452
1.2,0.19,0.22,1.3,0.35,0.010434209898542641,2017.6217246035787,2017.6217246035787,143.74939745387985,13776.740055225217,True,False,0.1369527985670563,0.1369527985670563,0.10350624868075661,-0.16861613441031884,False,False,13.331645284282919
1.2,0.185,0.23,1.3,0.25,0.010434215117410746,2018.1229027337438,2018.1229027337438,143.7493974542541,13776.733164566533,True,False,0.13669419189312984,0.13669419189312984,0.10276012768363572,-0.16869017083939988,False,False,13.26616907532079
1.2,0.2,0.21,2.1,0.45,0.01043421615900802,2018.2229293608814,2018.2229293608814,143.74939745348348,13776.731789228115,True,False,0.1371884558613914,0.1371884558613914,0.10434911278176581,-0.16849033686666814,False,False,13.411974353434369
1.2,0.18,0.23,1.3,0.6,0.010434225834926515,2019.1521267733247,2019.1521267733247,143.7493974542541,13776.719013794134,True,False,0.13677676475240239,0.13677676475240239,0.10319524043252151,-0.16868933619571655,False,False,13.31076532030446
1.2,0.2,0.21,1.9,0.25,0.01043422820429031,2019.3796614212176,2019.3796614212176,143.74939745348348,13776.715885356723,True,False,0.1371495388077264,0.1371495388077264,0.1042871340522129,-0.1684915893525556,False,False,13.413031845049506
1.2,0.195,0.22,2.1,0.8,0.01043424208715006,2020.7128596454854,2020.7128596454854,143.74939745387985,13776.69755534133,True,False,0.13702118798334104,0.13702118798334104,0.10404435288929932,-0.16853562441003098,False,False,13.39769726342382
1.1500000000000001,0.2,0.23,1.5,0.8,0.010434260102220651,2022.4428821737708,2022.4428821737708,143.74939745353072,13776.673769416342,True,False,0.13710067852316618,0.13710067852316618,0.10405010213822946,-0.1685513274415887,False,False,13.241284125353129
1.2,0.19,0.24,2.1,0.6,0.010434269613499043,2023.3562688744605,2023.3562688744605,143.74939745460756,13776.661211498295,True,False,0.13654108878946639,0.13654108878946639,0.10331197968824797,-0.1686058822722908,False,False,13.340521999738245
1.1500000000000001,0.2,0.24,1.5,0.25,0.010434281708140076,2024.5177409515818,2024.5177409515818,143.74939745386945,13776.645242549519,True,False,0.1367394838040449,0.1367394838040449,0.10321184143121187,-0.16860284323021327,False,False,13.17501745810409
1.2,0.19,0.23,1.7,0.45,0.010434291937991173,2025.5001335971117,2025.5001335971117,143.7493974542541,13776.631735869276,True,False,0.13665772303965204,0.13665772303965204,0.10329756030408488,-0.1686137220967557,False,False,13.35607957380164
1.2,0.195,0.21,1.3,0.8,0.010434311741520317,2027.401905304624,2027.401905304624,143.74939745348348,13776.605588797433,True,False,0.13717926783080733,0.13717926783080733,0.10423693921826005,-0.16852491838073055,False,False,13.460386085097415
1.2,0.185,0.24,1.5,0.25,0.010434314165290849,2027.6346647379878,2027.6346647379878,143.74939745460756,13776.60238875898,True,False,0.13634181859010397,0.13634181859010397,0.10238820808954689,-0.16869182287405948,False,False,13.28615710828467
1.2,0.195,0.22,1.7,0.35,0.010434316829779623,2027.8905408158232,2027.8905408158232,143.74939745387985,13776.598870720307,True,False,0.1368575670748958,0.1368575670748958,0.10370538723276944,-0.1685562678693747,False,False,13.410453624146504
1.1500000000000001,0.195,0.24,1.5,0.6,0.0104343195888766,2028.1555023047922,2028.1555023047922,143.74939745386945,13776.595227839489,True,False,0.13683715452487158,0.13683715452487158,0.1034879226974095,-0.1686230122820144,False,False,13.22355127717574
1.2,0.2,0.21,2.1,0.35,0.010434333299397002,2029.4721504439833,2029.4721504439833,143.74939745348348,13776.577125611919,True,False,0.13711926164786328,0.13711926164786328,0.10429375027983971,-0.16849130586779873,False,False,13.47660187018977
1.2,0.18,0.24,1.7,0.8,0.010434374111183687,2033.391386287385,2033.391386287385,143.74939745460756,13776.523241632216,True,False,0.13656183326758745,0.13656183326758745,0.10312273286932051,-0.16867251978892264,False,False,13.389070972171163
1.1500000000000001,0.2,0.23,1.3,0.35,0.010434396714193703,2035.561997628351,2035.561997628351,143.74939745353072,13776.493398798157,True,False,0.13697397863019253,0.13697397863019253,0.10362486381598623,-0.16859436800713942,False,False,13.285670552201001
1.1500000000000001,0.19,0.24,1.3,0.6,0.010434427701038333,2038.5377250349256,2038.5377250349256,143.74939745386945,13776.452487141667,True,False,0.13680541361043672,0.13680541361043672,0.10332786193787245,-0.16866450533172403,False,False,13.275412278483344
1.1500000000000001,0.195,0.24,1.3,0.25,0.010434431853146749,2038.9364601418833,2038.9364601418833,143.74939745386945,13776.447005163815,True,False,0.13672132404650247,0.13672132404650247,0.10291175657034111,-0.16866530491835383,False,False,13.241325601834998
1.2,0.2,0.21,2.1,0.25,0.010434432775644029,2039.0250493632516,2039.0250493632516,143.74939745348348,13776.445787165567,True,False,0.13705687592919466,0.13705687592919466,0.10425092665936016,-0.16849163041685009,False,False,13.532047182573073
1.2,0.195,0.21,1.3,0.6,0.010434454193611697,2041.0818587655974,2041.0818587655974,143.74939745348348,13776.417509359657,True,False,0.13709876809543667,0.13709876809543667,0.10411015565170757,-0.168537486243333,False,False,13.53457570366716
1.2,0.175,0.24,1.5,0.8,0.010434462664703551,2041.8953543149023,2041.8953543149023,143.74939745460756,13776.406325250056,True,False,0.13652093059445036,0.13652093059445036,0.10296631753444034,-0.16870895154560372,False,False,13.429209964511221
1.1500000000000001,0.2,0.24,1.7,0.45,0.010434484246280738,2043.9678754598729,2043.9678754598729,143.74939745386945,13776.377831526019,True,False,0.13669510665874895,0.13669510665874895,0.1034275785672295,-0.16859205668898625,False,False,13.315280627869264
1.2,0.19,0.22,1.5,0.6,0.010434508138411996,2046.262283639663,2046.262283639663,143.74939745387985,13776.346287440507,True,False,0.13684393484214516,0.13684393484214516,0.10364466615007893,-0.16859457460246338,False,False,13.521996312362354
1.2,0.195,0.23,2.1,0.35,0.010434544610140472,2049.7647351892215,2049.7647351892215,143.7493974542541,13776.298135191826,True,False,0.13650584036253122,0.13650584036253122,0.1034787076667946,-0.16855780580833368,False,False,13.521420792753652
1.2,0.19,0.22,1.3,0.25,0.010434562323611616,2051.465794531665,2051.465794531665,143.74939745387985,13776.274748831558,True,False,0.13677177014353958,0.13677177014353958,0.10324392982132556,-0.1686240015293876,False,False,13.520175182133533
1.2,0.185,0.23,1.7,0.8,0.010434594837709019,2054.588187014505,2054.588187014505,143.7493974542541,13776.23182212748,True,False,0.13665017549581884,0.13665017549581884,0.10339440203697753,-0.16862730558227193,False,False,13.549320211305512
1.2,0.185,0.24,1.7,0.45,0.010434609599056793,2056.005748165191,2056.005748165191,143.74939745460756,13776.212333578957,True,False,0.13627613990322848,0.13627613990322848,0.10269887983148014,-0.16867634318104527,False,False,13.49087953016173
1.2,0.195,0.21,1.3,0.45,0.010434619527690314,2056.959214296759,2056.959214296759,143.74939745348348,13776.19922528236,True,False,0.1370102696704644,0.1370102696704644,0.10397375147039646,-0.16854782538239257,False,False,13.622462186948976
1.2,0.19,0.23,1.9,0.6,0.01043462811323485,2057.783700961351,2057.783700961351,143.7493974542541,13776.187890388574,True,False,0.13656807126002235,0.13656807126002235,0.10336752488472965,-0.16860375998549415,False,False,13.565387138996014
1.2,0.195,0.22,1.7,0.25,0.010434632572421292,2058.2119253728642,2058.2119253728642,143.74939745387985,13776.182003169824,True,False,0.13668051078078966,0.13668051078078966,0.10352656399805354,-0.16855864434855525,False,False,13.584375249256786
1.2,0.18,0.24,1.5,0.45,0.010434651988107387,2060.076451752395,2060.076451752395,143.74939745460756,13776.15636999126,True,False,0.13627992073630915,0.13627992073630915,0.10246211403646815,-0.16873184835965796,False,False,13.497732772007003
1.2,0.195,0.22,1.9,0.45,0.010434663675800478,2061.198843821223,2061.198843821223,143.74939745387985,13776.140939478086,True,False,0.13672508628791036,0.13672508628791036,0.10368814509716835,-0.16855391307993983,False,False,13.61821229828577
1.1500000000000001,0.2,0.23,1.5,0.6,0.010434670076098313,2061.8134769633043,2061.8134769633043,143.74939745353072,13776.13248959385,True,False,0.1368742683415339,0.1368742683415339,0.10375836861333985,-0.16857371088980008,False,False,13.462080552866691
1.2,0.19,0.23,2.1,0.8,0.010434675889357339,2062.3717356182033,2062.3717356182033,143.7493974542541,13776.12481484631,True,False,0.1366333201037051,0.1366333201037051,0.10353517378550182,-0.16858895892597303,False,False,13.610581137881343
1.2,0.19,0.24,1.9,0.35,0.010434690883664572,2063.811668322208,2063.811668322208,143.74939745460756,13776.105019042407,True,False,0.13617068933066653,0.13617068933066653,0.10283113365105041,-0.1686232906374959,False,False,13.549127798561242
1.2,0.195,0.21,1.5,0.8,0.01043470797917074,2065.4533832771376,2065.4533832771376,143.74939745348348,13776.082449113965,True,False,0.13699610578776125,0.13699610578776125,0.10408023470371065,-0.16853143840840326,False,False,13.685649025135094
1.1500000000000001,0.2,0.23,1.3,0.25,0.010434734305132797,2067.98151699743,2067.98151699743,143.74939745353072,13776.047693214485,True,False,0.13680082932770668,0.13680082932770668,0.10337492721457665,-0.16860190572987457,False,False,13.468102475252117
1.2,0.185,0.22,1.3,0.8,0.010434743815510785,2068.8948172306536,2068.8948172306536,143.74939745387985,13776.035137556777,True,False,0.13678079144744734,0.13678079144744734,0.10359040550585152,-0.16861418809965775,False,False,13.66129634348924
1.1500000000000001,0.195,0.24,1.7,0.8,0.010434763619877439,2070.7966693657854,2070.7966693657854,143.74939745386945,13776.008991716657,True,False,0.13668970262084676,0.13668970262084676,0.10351993611011719,-0.16860507153750368,False,False,13.495269045805323
1.2,0.195,0.21,1.3,0.35,0.010434767210146497,2071.1414499383036,2071.1414499383036,143.74939745348348,13776.00425179637,True,False,0.1369333191271546,0.1369333191271546,0.10385803555185055,-0.1685538990232113,False,False,13.702212048275788
1.2,0.195,0.22,2.1,0.6,0.01043477978031094,2072.3485874603,2072.3485874603,143.74939745387985,13775.987656693636,True,False,0.13672650488540702,0.13672650488540702,0.10376080957958776,-0.16854877297813195,False,False,13.696293249332358
1.2,0.18,0.23,1.3,0.45,0.010434787190621743,2073.060214126693,2073.060214126693,143.7493974542541,13775.977873650241,True,False,0.13647875732999637,0.13647875732999637,0.10274032382612489,-0.1687238004325664,False,False,13.60984141899751
1.2,0.175,0.24,1.3,0.35,0.010434787875925692,2073.1260252077254,2073.1260252077254,143.74939745460756,13775.97696894775,True,False,0.13622972732808356,0.13622972732808356,0.1020018586983982,-0.16880628250773574,False,False,13.542998526324569
1.2,0.185,0.23,1.5,0.45,0.01043479206139305,2073.527963839281,2073.527963839281,143.7493974542541,13775.971443274117,True,False,0.13644107697107444,0.13644107697107444,0.10289916269313513,-0.1686718018273723,False,False,13.62490903546866
1.1500000000000001,0.2,0.24,1.9,0.6,0.010434795295575353,2073.8385487029327,2073.8385487029327,143.74939745386945,13775.96717348382,True,False,0.13661236162794665,0.13661236162794665,0.10349506886693208,-0.16858251167931115,False,False,13.510795331374714
1.2,0.19,0.23,1.7,0.35,0.010434809641096813,2075.2161772378663,2075.2161772378663,143.7493974542541,13775.948234657444,True,False,0.13636905333869956,0.13636905333869956,0.10299223376232078,-0.16862198861324154,False,False,13.641552866786794
1.2,0.19,0.22,1.7,0.8,0.010434831517740295,2077.31703417741,2077.31703417741,143.74939745387985,13775.919353320749,True,False,0.13673752330437358,0.13673752330437358,0.10366607422812565,-0.16858209153894896,False,False,13.720948975795585
1.1500000000000001,0.2,0.24,2.1,0.8,0.010434833496812549,2077.50708836376,2077.50708836376,143.74939745386945,13775.9167405766,True,False,0.13667577369661643,0.13667577369661643,0.10365508740374964,-0.1685683303282559,False,False,13.549583354118566
1.1500000000000001,0.195,0.23,1.3,0.8,0.010434892151272341,2083.13979106731,2083.13979106731,143.74939745353072,13775.83930620722,True,False,0.13681463305680808,0.13681463305680808,0.10370664672118791,-0.16859250325379804,False,False,13.594275857020644
1.2,0.17,0.24,1.3,0.6,0.010434894522743184,2083.3675280590724,2083.3675280590724,143.74939745460756,13775.836175564706,True,False,0.1362657449489717,0.1362657449489717,0.10237995859706889,-0.1687953645719773,False,False,13.641404345101977
1.2,0.195,0.23,2.1,0.25,0.010434897325434522,2083.6366759999255,2083.6366759999255,143.7493974542541,13775.83247550241,True,False,0.13628692709049753,0.13628692709049753,0.10332835997933924,-0.16855894173569888,False,False,13.721771698691304
1.2,0.195,0.21,1.5,0.6,0.010434920487595922,2085.8609837440067,2085.8609837440067,143.74939745348348,13775.80189751897,True,False,0.13687754892873963,0.13687754892873963,0.10392707756432594,-0.1685431191668935,False,False,13.802031388475886
1.2,0.195,0.21,1.3,0.25,0.010434941902979047,2087.9175449475574,2087.9175449475574,143.74939745348348,13775.773625768325,True,False,0.1368434678536564,0.1368434678536564,0.10372703317848211,-0.16855783256369725,False,False,13.797894425631432
