Galaxy,SPARC_name,match_key,ngc_id,ugc_id,ic_id,pgc_id,Mb_proxy_Msun,Mstar_proxy_Msun,Mgas_proxy_Msun,Rb_kpc,Sigma_b_Msun_kpc2,V_obs_kms,V_b_kms,morphology_age_gyr,Morphology_T,z0mgs_match_status,z0mgs_match_method,z0mgs_PGC,z0mgs_NGC,z0mgs_UGC,z0mgs_IC,z0mgs_Dist_Mpc,z0mgs_e_Dist_dex,z0mgs_logMstar,z0mgs_e_logMstar,z0mgs_GammaStar,z0mgs_method_GammaStar,z0mgs_logSFR,z0mgs_e_logSFR,z0mgs_method_logSFR,z0mgs_DelMS,z0mgs_Flags,z0mgs_Mstar_Msun,z0mgs_SFR_Msun_yr,z0mgs_sSFR_yr,final_Mstar_for_SFH_Msun,final_SFR_for_SFH_Msun_yr,final_sSFR_for_SFH_yr,SFH_source,source_sparc_proxy_file,source_z0mgs_catalog,source_z0mgs_url,Mstar,Mgas,Mb,Rb,Sigma_b,V_obs,V_b,age_gyr,Mgas_safe,f_gas,D_hist_sfh,D_hist_source
D631-7,D631-7,D631-7,,,,,483700000.0,98000000.0,385700000.0,0.7,157108665.25214243,57.7,54.51539975089607,6.0,10.0,pending_z0MGS_table4_download,,,,,,,,,,,,,,,,,,,,98000000.0,,,SPARC_proxy_only_until_z0MGS_match,flux_missing_history_age_scan_results.csv,J/ApJS/244/24/table4 (Leroy et al. 2019 z0MGS),https://cdsarc.cds.unistra.fr/viz-bin/cat/J/ApJS/244/24,98000000.0,385700000.0,483700000.0,0.7,157108665.25214243,57.7,54.51539975089607,6.0,385700000.0,0.7973950795947902,9095336.407435158,Delayed_Tau_Fallback
DDO064,DDO064,DDO064,,,,,359130000.0,78500000.0,280630000.0,0.69,120053170.9989338,46.1,47.31310766538721,6.0,10.0,pending_z0MGS_table4_download,,,,,,,,,,,,,,,,,,,,78500000.0,,,SPARC_proxy_only_until_z0MGS_match,flux_missing_history_age_scan_results.csv,J/ApJS/244/24/table4 (Leroy et al. 2019 z0MGS),https://cdsarc.cds.unistra.fr/viz-bin/cat/J/ApJS/244/24,78500000.0,280630000.0,359130000.0,0.69,120053170.9989338,46.1,47.31310766538721,6.0,280630000.0,0.7814162002617436,7276596.462772813,Delayed_Tau_Fallback
DDO154,DDO154,DDO154,,,,,392250000.00000006,26500000.0,365750000.00000006,0.37,456015532.7085169,47.0,67.52440895005341,6.0,10.0,pending_z0MGS_table4_download,,,,,,,,,,,,,,,,,,,,26500000.0,,,SPARC_proxy_only_until_z0MGS_match,flux_missing_history_age_scan_results.csv,J/ApJS/244/24/table4 (Leroy et al. 2019 z0MGS),https://cdsarc.cds.unistra.fr/viz-bin/cat/J/ApJS/244/24,26500000.0,365750000.00000006,392250000.00000006,0.37,456015532.7085169,47.0,67.52440895005341,6.0,365750000.00000006,0.9324410452517528,2481330.0865977663,Delayed_Tau_Fallback
DDO161,DDO161,DDO161,,,,,2106740000.0,274000000.0,1832740000.0,1.22,225274176.84051305,66.3,86.17984974915473,6.0,10.0,pending_z0MGS_table4_download,,,,,,,,,,,,,,,,,,,,274000000.0,,,SPARC_proxy_only_until_z0MGS_match,flux_missing_history_age_scan_results.csv,J/ApJS/244/24/table4 (Leroy et al. 2019 z0MGS),https://cdsarc.cds.unistra.fr/viz-bin/cat/J/ApJS/244/24,274000000.0,1832740000.0,2106740000.0,1.22,225274176.84051305,66.3,86.17984974915473,6.0,1832740000.0,0.8699412362227897,25559019.305774722,Delayed_Tau_Fallback
DDO168,DDO168,DDO168,,,,,644790000.0,95500000.0,549290000.0,1.02,98636597.22820376,53.4,52.14218644020124,6.0,10.0,pending_z0MGS_table4_download,,,,,,,,,,,,,,,,,,,,95500000.0,,,SPARC_proxy_only_until_z0MGS_match,flux_missing_history_age_scan_results.csv,J/ApJS/244/24/table4 (Leroy et al. 2019 z0MGS),https://cdsarc.cds.unistra.fr/viz-bin/cat/J/ApJS/244/24,95500000.0,549290000.0,644790000.0,1.02,98636597.22820376,53.4,52.14218644020124,6.0,549290000.0,0.8518897625583524,8897768.130041046,Delayed_Tau_Fallback
DDO170,DDO170,DDO170,,,,,1249050000.0,271500000.0,977550000.0,1.95,52279416.61247388,60.0,52.48712484615046,6.0,10.0,pending_z0MGS_table4_download,,,,,,,,,,,,,,,,,,,,271500000.0,,,SPARC_proxy_only_until_z0MGS_match,flux_missing_history_age_scan_results.csv,J/ApJS/244/24/table4 (Leroy et al. 2019 z0MGS),https://cdsarc.cds.unistra.fr/viz-bin/cat/J/ApJS/244/24,271500000.0,977550000.0,1249050000.0,1.95,52279416.61247388,60.0,52.48712484615046,6.0,977550000.0,0.7826348024498619,25169227.45811037,Delayed_Tau_Fallback
ESO079-G014,ESO079-G014,ESO079-G014,,,,,30042700000.0,25866500000.0,4176200000.000001,5.08,185281333.6547091,175.0,159.48425048559733,9.3,4.0,pending_z0MGS_table4_download,,,,,,,,,,,,,,,,,,,,25866500000.0,,,SPARC_proxy_only_until_z0MGS_match,flux_missing_history_age_scan_results.csv,J/ApJS/244/24/table4 (Leroy et al. 2019 z0MGS),https://cdsarc.cds.unistra.fr/viz-bin/cat/J/ApJS/244/24,25866500000.0,4176200000.000001,30042700000.0,5.08,185281333.6547091,175.0,159.48425048559733,9.3,4176200000.000001,0.13900881079263852,2021773891.7466676,Delayed_Tau_Fallback
ESO116-G012,ESO116-G012,ESO116-G012,,,,,3586390000.0,2146000000.0,1440390000.0,1.51,250336255.5832387,109.1,101.06958004200644,7.649999999999999,7.0,pending_z0MGS_table4_download,,,,,,,,,,,,,,,,,,,,2146000000.0,,,SPARC_proxy_only_until_z0MGS_match,flux_missing_history_age_scan_results.csv,J/ApJS/244/24/table4 (Leroy et al. 2019 z0MGS),https://cdsarc.cds.unistra.fr/viz-bin/cat/J/ApJS/244/24,2146000000.0,1440390000.0,3586390000.0,1.51,250336255.5832387,109.1,101.06958004200644,7.649999999999999,1440390000.0,0.4016267054057144,188802110.59433854,Delayed_Tau_Fallback
ESO563-G021,ESO563-G021,ESO563-G021,,,,,187904840000.0,155588500000.0,32316340000.0,5.45,1006850740.4054104,314.6,385.07995247607016,9.3,4.0,pending_z0MGS_table4_download,,,,,,,,,,,,,,,,,,,,155588500000.0,,,SPARC_proxy_only_until_z0MGS_match,flux_missing_history_age_scan_results.csv,J/ApJS/244/24/table4 (Leroy et al. 2019 z0MGS),https://cdsarc.cds.unistra.fr/viz-bin/cat/J/ApJS/244/24,155588500000.0,32316340000.0,187904840000.0,5.45,1006850740.4054104,314.6,385.07995247607016,9.3,32316340000.0,0.17198247793936547,12459944035.805643,Delayed_Tau_Fallback
F561-1,F561-1,F561-1,,,,,4195760000.000001,2038500000.0,2157260000.0000005,2.79,85787174.37176435,50.0,80.423578769406,6.55,9.0,pending_z0MGS_table4_download,,,,,,,,,,,,,,,,,,,,2038500000.0,,,SPARC_proxy_only_until_z0MGS_match,flux_missing_history_age_scan_results.csv,J/ApJS/244/24/table4 (Leroy et al. 2019 z0MGS),https://cdsarc.cds.unistra.fr/viz-bin/cat/J/ApJS/244/24,2038500000.0,2157260000.0000005,4195760000.000001,2.79,85787174.37176435,50.0,80.423578769406,6.55,2157260000.0000005,0.5141523824050948,183355891.43522426,Delayed_Tau_Fallback
F563-1,F563-1,F563-1,,,,,5207500000.0,951500000.0,4256000000.0,3.52,66890444.71131238,109.9,79.76704154093457,6.55,9.0,pending_z0MGS_table4_download,,,,,,,,,,,,,,,,,,,,951500000.0,,,SPARC_proxy_only_until_z0MGS_match,flux_missing_history_age_scan_results.csv,J/ApJS/244/24/table4 (Leroy et al. 2019 z0MGS),https://cdsarc.cds.unistra.fr/viz-bin/cat/J/ApJS/244/24,951500000.0,4256000000.0,5207500000.0,3.52,66890444.71131238,109.9,79.76704154093457,6.55,4256000000.0,0.8172827652424388,88438202.8219343,Delayed_Tau_Fallback
F563-V2,F563-V2,F563-V2,,,,,4377770000.0,1493000000.0,2884770000.0,2.43,117994163.35914354,116.6,88.02448866779253,6.0,10.0,pending_z0MGS_table4_download,,,,,,,,,,,,,,,,,,,,1493000000.0,,,SPARC_proxy_only_until_z0MGS_match,flux_missing_history_age_scan_results.csv,J/ApJS/244/24/table4 (Leroy et al. 2019 z0MGS),https://cdsarc.cds.unistra.fr/viz-bin/cat/J/ApJS/244/24,1493000000.0,2884770000.0,4377770000.0,2.43,117994163.35914354,116.6,88.02448866779253,6.0,2884770000.0,0.658958784952156,136858551.11070275,Delayed_Tau_Fallback
F568-V1,F568-V1,F568-V1,,,,,5225530000.0,1912500000.0,3313030000.0000005,2.85,102390757.7439202,112.3,88.8020353652862,7.649999999999999,7.0,pending_z0MGS_table4_download,,,,,,,,,,,,,,,,,,,,1912500000.0,,,SPARC_proxy_only_until_z0MGS_match,flux_missing_history_age_scan_results.csv,J/ApJS/244/24/table4 (Leroy et al. 2019 z0MGS),https://cdsarc.cds.unistra.fr/viz-bin/cat/J/ApJS/244/24,1912500000.0,3313030000.0000005,5225530000.0,2.85,102390757.7439202,112.3,88.8020353652862,7.649999999999999,3313030000.0000005,0.6340084163711625,174834322.80521265,Delayed_Tau_Fallback
F571-8,F571-8,F571-8,,,,,7452060000.0,5082000000.0,2370060000.0,3.56,93582895.56380108,139.7,94.88407974139172,8.75,5.0,pending_z0MGS_table4_download,,,,,,,,,,,,,,,,,,,,5082000000.0,,,SPARC_proxy_only_until_z0MGS_match,flux_missing_history_age_scan_results.csv,J/ApJS/244/24/table4 (Leroy et al. 2019 z0MGS),https://cdsarc.cds.unistra.fr/viz-bin/cat/J/ApJS/244/24,5082000000.0,2370060000.0,7452060000.0,3.56,93582895.56380108,139.7,94.88407974139172,8.75,2370060000.0,0.3180409175449473,436635115.1043696,Delayed_Tau_Fallback
F571-V1,F571-V1,F571-V1,,,,,2543110000.0,924500000.0,1618610000.0,2.47,66342429.36721301,83.6,66.54482289015262,7.649999999999999,7.0,pending_z0MGS_table4_download,,,,,,,,,,,,,,,,,,,,924500000.0,,,SPARC_proxy_only_until_z0MGS_match,flux_missing_history_age_scan_results.csv,J/ApJS/244/24/table4 (Leroy et al. 2019 z0MGS),https://cdsarc.cds.unistra.fr/viz-bin/cat/J/ApJS/244/24,924500000.0,1618610000.0,2543110000.0,2.47,66342429.36721301,83.6,66.54482289015262,7.649999999999999,1618610000.0,0.6364687331652976,84538158.59786634,Delayed_Tau_Fallback
F574-1,F574-1,F574-1,,,,,7955420000.000001,3268500000.0,4686920000.000001,4.46,63652215.878668696,97.8,87.58793842700247,7.649999999999999,7.0,pending_z0MGS_table4_download,,,,,,,,,,,,,,,,,,,,3268500000.0,,,SPARC_proxy_only_until_z0MGS_match,flux_missing_history_age_scan_results.csv,J/ApJS/244/24/table4 (Leroy et al. 2019 z0MGS),https://cdsarc.cds.unistra.fr/viz-bin/cat/J/ApJS/244/24,3268500000.0,4686920000.000001,7955420000.000001,4.46,63652215.878668696,97.8,87.58793842700247,7.649999999999999,4686920000.000001,0.5891480273825895,297182715.20651126,Delayed_Tau_Fallback
F579-V1,F579-V1,F579-V1,,,,,8909850000.0,5924000000.0,2985850000.0,3.37,124862125.20206426,112.1,106.63515958256365,8.75,5.0,pending_z0MGS_table4_download,,,,,,,,,,,,,,,,,,,,5924000000.0,,,SPARC_proxy_only_until_z0MGS_match,flux_missing_history_age_scan_results.csv,J/ApJS/244/24/table4 (Leroy et al. 2019 z0MGS),https://cdsarc.cds.unistra.fr/viz-bin/cat/J/ApJS/244/24,5924000000.0,2985850000.0,8909850000.0,3.37,124862125.20206426,112.1,106.63515958256365,8.75,2985850000.0,0.33511787516063685,511798891.06211686,Delayed_Tau_Fallback
F583-1,F583-1,F583-1,,,,,3320580000.0,493000000.0,2827580000.0,2.36,94887733.57729208,85.8,77.7913215928968,6.55,9.0,pending_z0MGS_table4_download,,,,,,,,,,,,,,,,,,,,493000000.0,,,SPARC_proxy_only_until_z0MGS_match,flux_missing_history_age_scan_results.csv,J/ApJS/244/24/table4 (Leroy et al. 2019 z0MGS),https://cdsarc.cds.unistra.fr/viz-bin/cat/J/ApJS/244/24,493000000.0,2827580000.0,3320580000.0,2.36,94887733.57729208,85.8,77.7913215928968,6.55,2827580000.0,0.8515319612838721,45931878.29532628,Delayed_Tau_Fallback
IC2574,IC2574,IC2574,,,2574.0,,1885880000.0,508000000.0,1377880000.0000002,2.78,38836903.37950206,66.4,54.01505302714402,6.55,9.0,pending_z0MGS_table4_download,,,,,,,,,,,,,,,,,,,,508000000.0,,,SPARC_proxy_only_until_z0MGS_match,flux_missing_history_age_scan_results.csv,J/ApJS/244/24/table4 (Leroy et al. 2019 z0MGS),https://cdsarc.cds.unistra.fr/viz-bin/cat/J/ApJS/244/24,508000000.0,1377880000.0000002,1885880000.0,2.78,38836903.37950206,66.4,54.01505302714402,6.55,1377880000.0000002,0.7306297325386557,46890738.3035973,Delayed_Tau_Fallback
IC4202,IC4202,IC4202,,,4202.0,,106268080000.0,89874500000.0,16393580000.0,4.78,740230835.6333476,242.6,309.2200499978445,9.3,4.0,pending_z0MGS_table4_download,,,,,,,,,,,,,,,,,,,,89874500000.0,,,SPARC_proxy_only_until_z0MGS_match,flux_missing_history_age_scan_results.csv,J/ApJS/244/24/table4 (Leroy et al. 2019 z0MGS),https://cdsarc.cds.unistra.fr/viz-bin/cat/J/ApJS/244/24,89874500000.0,16393580000.0,106268080000.0,4.78,740230835.6333476,242.6,309.2200499978445,9.3,16393580000.0,0.15426626697311177,7107701327.033984,Delayed_Tau_Fallback
KK98-251,KK98-251,KK98-251,,,,,195450000.0,42500000.0,152950000.0,1.34,17323921.601309277,33.7,25.046417497870067,6.0,10.0,pending_z0MGS_table4_download,,,,,,,,,,,,,,,,,,,,42500000.0,,,SPARC_proxy_only_until_z0MGS_match,flux_missing_history_age_scan_results.csv,J/ApJS/244/24/table4 (Leroy et al. 2019 z0MGS),https://cdsarc.cds.unistra.fr/viz-bin/cat/J/ApJS/244/24,42500000.0,152950000.0,195450000.0,1.34,17323921.601309277,33.7,25.046417497870067,6.0,152950000.0,0.7825530826298286,3939909.1522881673,Delayed_Tau_Fallback
NGC0024,NGC0024,NGC0024,24.0,,,,2843580000.0,1944500000.0,899080000.0000001,1.34,252043780.95191115,106.3,95.53455910524126,8.75,5.0,pending_z0MGS_table4_download,,,,,,,,,,,,,,,,,,,,1944500000.0,,,SPARC_proxy_only_until_z0MGS_match,flux_missing_history_age_scan_results.csv,J/ApJS/244/24/table4 (Leroy et al. 2019 z0MGS),https://cdsarc.cds.unistra.fr/viz-bin/cat/J/ApJS/244/24,1944500000.0,899080000.0000001,2843580000.0,1.34,252043780.95191115,106.3,95.53455910524126,8.75,899080000.0000001,0.3161789012442063,166962676.83652014,Delayed_Tau_Fallback
NGC0055,NGC0055,NGC0055,55.0,,,,4395450000.0,2314000000.0,2081450000.0,6.11,18738768.90432821,85.6,55.62387549682614,6.55,9.0,pending_z0MGS_table4_download,,,,,,,,,,,,,,,,,,,,2314000000.0,,,SPARC_proxy_only_until_z0MGS_match,flux_missing_history_age_scan_results.csv,J/ApJS/244/24/table4 (Leroy et al. 2019 z0MGS),https://cdsarc.cds.unistra.fr/viz-bin/cat/J/ApJS/244/24,2314000000.0,2081450000.0,4395450000.0,6.11,18738768.90432821,85.6,55.62387549682614,6.55,2081450000.0,0.4735465083211048,206682411.0887343,Delayed_Tau_Fallback
NGC0100,NGC0100,NGC0100,100.0,,,,4262700000.0,1616000000.0,2646700000.0,1.66,246200383.18980345,88.1,105.09172429960915,8.2,6.0,pending_z0MGS_table4_download,,,,,,,,,,,,,,,,,,,,1616000000.0,,,SPARC_proxy_only_until_z0MGS_match,flux_missing_history_age_scan_results.csv,J/ApJS/244/24/table4 (Leroy et al. 2019 z0MGS),https://cdsarc.cds.unistra.fr/viz-bin/cat/J/ApJS/244/24,1616000000.0,2646700000.0,4262700000.0,1.66,246200383.18980345,88.1,105.09172429960915,8.2,2646700000.0,0.620897553193985,147506093.04211432,Delayed_Tau_Fallback
NGC0247,NGC0247,NGC0247,247.0,,,,5988180000.0,3666000000.0,2322180000.0,3.74,68135237.43344289,104.9,82.98350980412773,7.649999999999999,7.0,pending_z0MGS_table4_download,,,,,,,,,,,,,,,,,,,,3666000000.0,,,SPARC_proxy_only_until_z0MGS_match,flux_missing_history_age_scan_results.csv,J/ApJS/244/24/table4 (Leroy et al. 2019 z0MGS),https://cdsarc.cds.unistra.fr/viz-bin/cat/J/ApJS/244/24,3666000000.0,2322180000.0,5988180000.0,3.74,68135237.43344289,104.9,82.98350980412773,7.649999999999999,2322180000.0,0.3877939540895564,321436340.56111765,Delayed_Tau_Fallback
NGC0289,NGC0289,NGC0289,289.0,,,,72566270000.0,36032500000.0,36533770000.0,6.74,254234883.02796343,163.0,215.18779194469337,9.3,4.0,pending_z0MGS_table4_download,,,,,,,,,,,,,,,,,,,,36032500000.0,,,SPARC_proxy_only_until_z0MGS_match,flux_missing_history_age_scan_results.csv,J/ApJS/244/24/table4 (Leroy et al. 2019 z0MGS),https://cdsarc.cds.unistra.fr/viz-bin/cat/J/ApJS/244/24,36032500000.0,36533770000.0,72566270000.0,6.74,254234883.02796343,163.0,215.18779194469337,9.3,36533770000.0,0.503453877400616,3235307320.4555755,Delayed_Tau_Fallback
NGC0300,NGC0300,NGC0300,300.0,,,,2705880000.0,1461000000.0,1244880000.0000002,1.75,140621772.21665233,93.3,81.54839527474292,7.649999999999999,7.0,pending_z0MGS_table4_download,,,,,,,,,,,,,,,,,,,,1461000000.0,,,SPARC_proxy_only_until_z0MGS_match,flux_missing_history_age_scan_results.csv,J/ApJS/244/24/table4 (Leroy et al. 2019 z0MGS),https://cdsarc.cds.unistra.fr/viz-bin/cat/J/ApJS/244/24,1461000000.0,1244880000.0000002,2705880000.0,1.75,140621772.21665233,93.3,81.54839527474292,7.649999999999999,1244880000.0000002,0.46006474788238955,130162055.80945833,Delayed_Tau_Fallback
NGC0801,NGC0801,NGC0801,801.0,,,,187142330000.0,156285000000.0,30857330000.0,8.72,391705071.1381972,220.1,303.8141178071445,8.75,5.0,pending_z0MGS_table4_download,,,,,,,,,,,,,,,,,,,,156285000000.0,,,SPARC_proxy_only_until_z0MGS_match,flux_missing_history_age_scan_results.csv,J/ApJS/244/24/table4 (Leroy et al. 2019 z0MGS),https://cdsarc.cds.unistra.fr/viz-bin/cat/J/ApJS/244/24,156285000000.0,30857330000.0,187142330000.0,8.72,391705071.1381972,220.1,303.8141178071445,8.75,30857330000.0,0.1648869606357899,12454707814.70518,Delayed_Tau_Fallback
NGC0891,NGC0891,NGC0891,891.0,,,,75104460000.0,69170000000.0,5934460000.0,2.55,1838253911.149178,216.1,355.9122622983829,9.85,3.0,pending_z0MGS_table4_download,,,,,,,,,,,,,,,,,,,,69170000000.0,,,SPARC_proxy_only_until_z0MGS_match,flux_missing_history_age_scan_results.csv,J/ApJS/244/24/table4 (Leroy et al. 2019 z0MGS),https://cdsarc.cds.unistra.fr/viz-bin/cat/J/ApJS/244/24,69170000000.0,5934460000.0,75104460000.0,2.55,1838253911.149178,216.1,355.9122622983829,9.85,5934460000.0,0.07901607973747497,5115684482.00403,Delayed_Tau_Fallback
NGC1003,NGC1003,NGC1003,1003.0,,,,11230400000.0,3410000000.0,7820400000.0,1.61,689546573.3957877,109.8,173.2067655787037,8.2,6.0,pending_z0MGS_table4_download,,,,,,,,,,,,,,,,,,,,3410000000.0,,,SPARC_proxy_only_until_z0MGS_match,flux_missing_history_age_scan_results.csv,J/ApJS/244/24/table4 (Leroy et al. 2019 z0MGS),https://cdsarc.cds.unistra.fr/viz-bin/cat/J/ApJS/244/24,3410000000.0,7820400000.0,11230400000.0,1.61,689546573.3957877,109.8,173.2067655787037,8.2,7820400000.0,0.6963598803248326,313766022.7448362,Delayed_Tau_Fallback
NGC1090,NGC1090,NGC1090,1090.0,,,,47703890000.0,36022500000.0,11681390000.0,3.53,609290653.0196081,164.4,241.0847402767457,9.3,4.0,pending_z0MGS_table4_download,,,,,,,,,,,,,,,,,,,,36022500000.0,,,SPARC_proxy_only_until_z0MGS_match,flux_missing_history_age_scan_results.csv,J/ApJS/244/24/table4 (Leroy et al. 2019 z0MGS),https://cdsarc.cds.unistra.fr/viz-bin/cat/J/ApJS/244/24,36022500000.0,11681390000.0,47703890000.0,3.53,609290653.0196081,164.4,241.0847402767457,9.3,11681390000.0,0.24487290239852558,3006219421.7652783,Delayed_Tau_Fallback
NGC1705,NGC1705,NGC1705,1705.0,,,,451370000.0,266500000.0,184870000.0,0.39,472306158.20768434,71.9,70.55279432035456,5.449999999999999,11.0,pending_z0MGS_table4_download,,,,,,,,,,,,,,,,,,,,266500000.0,,,SPARC_proxy_only_until_z0MGS_match,flux_missing_history_age_scan_results.csv,J/ApJS/244/24/table4 (Leroy et al. 2019 z0MGS),https://cdsarc.cds.unistra.fr/viz-bin/cat/J/ApJS/244/24,266500000.0,184870000.0,451370000.0,0.39,472306158.20768434,71.9,70.55279432035456,5.449999999999999,184870000.0,0.4095752929968762,23490224.73187183,Delayed_Tau_Fallback
NGC2366,NGC2366,NGC2366,2366.0,,,,978510000.0,118000000.0,860510000.0000001,0.65,368602848.2008296,50.2,80.46483650638955,6.0,10.0,pending_z0MGS_table4_download,,,,,,,,,,,,,,,,,,,,118000000.0,,,SPARC_proxy_only_until_z0MGS_match,flux_missing_history_age_scan_results.csv,J/ApJS/244/24/table4 (Leroy et al. 2019 z0MGS),https://cdsarc.cds.unistra.fr/viz-bin/cat/J/ApJS/244/24,118000000.0,860510000.0000001,978510000.0,0.65,368602848.2008296,50.2,80.46483650638955,6.0,860510000.0000001,0.8794084884160611,11013833.360712793,Delayed_Tau_Fallback
NGC2403,NGC2403,NGC2403,2403.0,,,,9275170000.0,5020500000.0,4254670000.0,1.39,764033514.5787771,131.2,169.40792241227436,8.2,6.0,pending_z0MGS_table4_download,,,,,,,,,,,,,,,,,,,,5020500000.0,,,SPARC_proxy_only_until_z0MGS_match,flux_missing_history_age_scan_results.csv,J/ApJS/244/24/table4 (Leroy et al. 2019 z0MGS),https://cdsarc.cds.unistra.fr/viz-bin/cat/J/ApJS/244/24,5020500000.0,4254670000.0,9275170000.0,1.39,764033514.5787771,131.2,169.40792241227436,8.2,4254670000.0,0.4587161205670624,447164854.71156186,Delayed_Tau_Fallback
NGC2683,NGC2683,NGC2683,2683.0,,,,42077480000.0,40207500000.0,1869980000.0,2.18,1409148837.398023,154.0,288.12224605685003,9.85,3.0,pending_z0MGS_table4_download,,,,,,,,,,,,,,,,,,,,40207500000.0,,,SPARC_proxy_only_until_z0MGS_match,flux_missing_history_age_scan_results.csv,J/ApJS/244/24/table4 (Leroy et al. 2019 z0MGS),https://cdsarc.cds.unistra.fr/viz-bin/cat/J/ApJS/244/24,40207500000.0,1869980000.0,42077480000.0,2.18,1409148837.398023,154.0,288.12224605685003,9.85,1869980000.0,0.04444134962454976,2863202390.867052,Delayed_Tau_Fallback
NGC2841,NGC2841,NGC2841,2841.0,,,,107061250000.0,94060500000.0,13000750000.000002,3.64,1286025778.2195067,284.8,355.6686941281586,9.85,3.0,pending_z0MGS_table4_download,,,,,,,,,,,,,,,,,,,,94060500000.0,,,SPARC_proxy_only_until_z0MGS_match,flux_missing_history_age_scan_results.csv,J/ApJS/244/24/table4 (Leroy et al. 2019 z0MGS),https://cdsarc.cds.unistra.fr/viz-bin/cat/J/ApJS/244/24,94060500000.0,13000750000.000002,107061250000.0,3.64,1286025778.2195067,284.8,355.6686941281586,9.85,13000750000.000002,0.12143282466812223,7244899032.528063,Delayed_Tau_Fallback
NGC2903,NGC2903,NGC2903,2903.0,,,,44325660000.0,40931500000.0,3394160000.0000005,2.33,1299461750.043416,184.6,286.04201074340244,9.3,4.0,pending_z0MGS_table4_download,,,,,,,,,,,,,,,,,,,,40931500000.0,,,SPARC_proxy_only_until_z0MGS_match,flux_missing_history_age_scan_results.csv,J/ApJS/244/24/table4 (Leroy et al. 2019 z0MGS),https://cdsarc.cds.unistra.fr/viz-bin/cat/J/ApJS/244/24,40931500000.0,3394160000.0000005,44325660000.0,2.33,1299461750.043416,184.6,286.04201074340244,9.3,3394160000.0000005,0.07657325350598278,3019493426.330065,Delayed_Tau_Fallback
NGC2915,NGC2915,NGC2915,2915.0,,,,996140000.0,320500000.0,675640000.0,0.55,524101173.5919359,83.5,88.2590040464582,5.449999999999999,11.0,pending_z0MGS_table4_download,,,,,,,,,,,,,,,,,,,,320500000.0,,,SPARC_proxy_only_until_z0MGS_match,flux_missing_history_age_scan_results.csv,J/ApJS/244/24/table4 (Leroy et al. 2019 z0MGS),https://cdsarc.cds.unistra.fr/viz-bin/cat/J/ApJS/244/24,320500000.0,675640000.0,996140000.0,0.55,524101173.5919359,83.5,88.2590040464582,5.449999999999999,675640000.0,0.6782580761740318,29437835.66896178,Delayed_Tau_Fallback
NGC2976,NGC2976,NGC2976,2976.0,,,,1914260000.0,1685500000.0,228760000.0,1.01,298660858.11498046,85.4,90.28590438870914,8.75,5.0,pending_z0MGS_table4_download,,,,,,,,,,,,,,,,,,,,1685500000.0,,,SPARC_proxy_only_until_z0MGS_match,flux_missing_history_age_scan_results.csv,J/ApJS/244/24/table4 (Leroy et al. 2019 z0MGS),https://cdsarc.cds.unistra.fr/viz-bin/cat/J/ApJS/244/24,1685500000.0,228760000.0,1914260000.0,1.01,298660858.11498046,85.4,90.28590438870914,8.75,228760000.0,0.11950309780280631,129604773.26511636,Delayed_Tau_Fallback
NGC2998,NGC2998,NGC2998,2998.0,,,,106640830000.0,75451000000.0,31189830000.0,6.2,441530052.8075568,209.9,271.9857124317082,8.75,5.0,pending_z0MGS_table4_download,,,,,,,,,,,,,,,,,,,,75451000000.0,,,SPARC_proxy_only_until_z0MGS_match,flux_missing_history_age_scan_results.csv,J/ApJS/244/24/table4 (Leroy et al. 2019 z0MGS),https://cdsarc.cds.unistra.fr/viz-bin/cat/J/ApJS/244/24,75451000000.0,31189830000.0,106640830000.0,6.2,441530052.8075568,209.9,271.9857124317082,8.75,31189830000.0,0.292475499299846,6423984160.963911,Delayed_Tau_Fallback
NGC3109,NGC3109,NGC3109,3109.0,,,,731410000.0,97000000.0,634410000.0,1.56,47833463.56296974,66.2,44.905374750405535,6.55,9.0,pending_z0MGS_table4_download,,,,,,,,,,,,,,,,,,,,97000000.0,,,SPARC_proxy_only_until_z0MGS_match,flux_missing_history_age_scan_results.csv,J/ApJS/244/24/table4 (Leroy et al. 2019 z0MGS),https://cdsarc.cds.unistra.fr/viz-bin/cat/J/ApJS/244/24,97000000.0,634410000.0,731410000.0,1.56,47833463.56296974,66.2,44.905374750405535,6.55,634410000.0,0.8673794451812253,9046765.421325382,Delayed_Tau_Fallback
NGC3198,NGC3198,NGC3198,3198.0,,,,33595270000.0,19139500000.0,14455770000.0,3.14,542299209.4006712,150.1,214.51339742260808,8.75,5.0,pending_z0MGS_table4_download,,,,,,,,,,,,,,,,,,,,19139500000.0,,,SPARC_proxy_only_until_z0MGS_match,flux_missing_history_age_scan_results.csv,J/ApJS/244/24/table4 (Leroy et al. 2019 z0MGS),https://cdsarc.cds.unistra.fr/viz-bin/cat/J/ApJS/244/24,19139500000.0,14455770000.0,33595270000.0,3.14,542299209.4006712,150.1,214.51339742260808,8.75,14455770000.0,0.43029182381924597,1694842143.9337635,Delayed_Tau_Fallback
NGC3521,NGC3521,NGC3521,3521.0,,,,47942820000.0,42418000000.0,5524820000.0,2.4,1324711248.049476,213.7,293.11385299785815,9.3,4.0,pending_z0MGS_table4_download,,,,,,,,,,,,,,,,,,,,42418000000.0,,,SPARC_proxy_only_until_z0MGS_match,flux_missing_history_age_scan_results.csv,J/ApJS/244/24/table4 (Leroy et al. 2019 z0MGS),https://cdsarc.cds.unistra.fr/viz-bin/cat/J/ApJS/244/24,42418000000.0,5524820000.0,47942820000.0,2.4,1324711248.049476,213.7,293.11385299785815,9.3,5524820000.0,0.1152376935691309,3249367694.9992447,Delayed_Tau_Fallback
NGC3726,NGC3726,NGC3726,3726.0,,,,43726090000.0,35117000000.0,8609090000.0,3.4,602008941.6592643,168.0,235.1857699663746,8.75,5.0,pending_z0MGS_table4_download,,,,,,,,,,,,,,,,,,,,35117000000.0,,,SPARC_proxy_only_until_z0MGS_match,flux_missing_history_age_scan_results.csv,J/ApJS/244/24/table4 (Leroy et al. 2019 z0MGS),https://cdsarc.cds.unistra.fr/viz-bin/cat/J/ApJS/244/24,35117000000.0,8609090000.0,43726090000.0,3.4,602008941.6592643,168.0,235.1857699663746,8.75,8609090000.0,0.19688680144966084,2857102143.4947248,Delayed_Tau_Fallback
NGC3741,NGC3741,NGC3741,3741.0,,,,256060000.0,14000000.0,242060000.0,0.2,1018830368.202768,50.1,74.20549220239698,6.0,10.0,pending_z0MGS_table4_download,,,,,,,,,,,,,,,,,,,,14000000.0,,,SPARC_proxy_only_until_z0MGS_match,flux_missing_history_age_scan_results.csv,J/ApJS/244/24/table4 (Leroy et al. 2019 z0MGS),https://cdsarc.cds.unistra.fr/viz-bin/cat/J/ApJS/244/24,14000000.0,242060000.0,256060000.0,0.2,1018830368.202768,50.1,74.20549220239698,6.0,242060000.0,0.9453253143794423,1311840.4746916513,Delayed_Tau_Fallback
NGC3769,NGC3769,NGC3769,3769.0,,,,16693070000.0,9339500000.0,7353570000.0,3.38,232553535.05470973,118.6,145.74374822291722,9.85,3.0,pending_z0MGS_table4_download,,,,,,,,,,,,,,,,,,,,9339500000.0,,,SPARC_proxy_only_until_z0MGS_match,flux_missing_history_age_scan_results.csv,J/ApJS/244/24/table4 (Leroy et al. 2019 z0MGS),https://cdsarc.cds.unistra.fr/viz-bin/cat/J/ApJS/244/24,9339500000.0,7353570000.0,16693070000.0,3.38,232553535.05470973,118.6,145.74374822291722,9.85,7353570000.0,0.44051633402363977,828817728.0277107,Delayed_Tau_Fallback
NGC3877,NGC3877,NGC3877,3877.0,,,,38239890000.0,36267500000.0,1972390000.0,2.53,950814341.2317548,168.4,254.9636301273331,8.75,5.0,pending_z0MGS_table4_download,,,,,,,,,,,,,,,,,,,,36267500000.0,,,SPARC_proxy_only_until_z0MGS_match,flux_missing_history_age_scan_results.csv,J/ApJS/244/24/table4 (Leroy et al. 2019 z0MGS),https://cdsarc.cds.unistra.fr/viz-bin/cat/J/ApJS/244/24,36267500000.0,1972390000.0,38239890000.0,2.53,950814341.2317548,168.4,254.9636301273331,8.75,1972390000.0,0.05157938477333486,2603547346.7341843,Delayed_Tau_Fallback
NGC3893,NGC3893,NGC3893,3893.0,,,,36975170000.0,29262500000.0,7712670000.000001,2.38,1038906340.8592536,174.0,258.49181057903667,8.75,5.0,pending_z0MGS_table4_download,,,,,,,,,,,,,,,,,,,,29262500000.0,,,SPARC_proxy_only_until_z0MGS_match,flux_missing_history_age_scan_results.csv,J/ApJS/244/24/table4 (Leroy et al. 2019 z0MGS),https://cdsarc.cds.unistra.fr/viz-bin/cat/J/ApJS/244/24,29262500000.0,7712670000.000001,36975170000.0,2.38,1038906340.8592536,174.0,258.49181057903667,8.75,7712670000.000001,0.2085905216933418,2396957005.5216484,Delayed_Tau_Fallback
NGC3917,NGC3917,NGC3917,3917.0,,,,13494040000.0,10983000000.0,2511040000.0,2.63,310492152.3051887,135.9,148.55022012697208,8.2,6.0,pending_z0MGS_table4_download,,,,,,,,,,,,,,,,,,,,10983000000.0,,,SPARC_proxy_only_until_z0MGS_match,flux_missing_history_age_scan_results.csv,J/ApJS/244/24/table4 (Leroy et al. 2019 z0MGS),https://cdsarc.cds.unistra.fr/viz-bin/cat/J/ApJS/244/24,10983000000.0,2511040000.0,13494040000.0,2.63,310492152.3051887,135.9,148.55022012697208,8.2,2511040000.0,0.18608511609569856,887679965.7635733,Delayed_Tau_Fallback
NGC3949,NGC3949,NGC3949,3949.0,,,,23516930000.0,19033500000.0,4483430000.0,3.59,290410196.6811312,163.0,167.85074233055752,9.3,4.0,pending_z0MGS_table4_download,,,,,,,,,,,,,,,,,,,,19033500000.0,,,SPARC_proxy_only_until_z0MGS_match,flux_missing_history_age_scan_results.csv,J/ApJS/244/24/table4 (Leroy et al. 2019 z0MGS),https://cdsarc.cds.unistra.fr/viz-bin/cat/J/ApJS/244/24,19033500000.0,4483430000.0,23516930000.0,3.59,290410196.6811312,163.0,167.85074233055752,9.3,4483430000.0,0.19064690841874343,1542718385.6486363,Delayed_Tau_Fallback
NGC3953,NGC3953,NGC3953,3953.0,,,,74417060000.0,70650500000.0,3766560000.0,4.89,495307520.0156474,220.8,255.83620364007365,9.3,4.0,pending_z0MGS_table4_download,,,,,,,,,,,,,,,,,,,,70650500000.0,,,SPARC_proxy_only_until_z0MGS_match,flux_missing_history_age_scan_results.csv,J/ApJS/244/24/table4 (Leroy et al. 2019 z0MGS),https://cdsarc.cds.unistra.fr/viz-bin/cat/J/ApJS/244/24,70650500000.0,3766560000.0,74417060000.0,4.89,495307520.0156474,220.8,255.83620364007365,9.3,3766560000.0,0.0506142005610004,5066311450.174721,Delayed_Tau_Fallback
NGC3972,NGC3972,NGC3972,3972.0,,,,8791120000.0,7176500000.0,1614620000.0,2.18,294409183.4260632,132.7,131.69643980196943,9.3,4.0,pending_z0MGS_table4_download,,,,,,,,,,,,,,,,,,,,7176500000.0,,,SPARC_proxy_only_until_z0MGS_match,flux_missing_history_age_scan_results.csv,J/ApJS/244/24/table4 (Leroy et al. 2019 z0MGS),https://cdsarc.cds.unistra.fr/viz-bin/cat/J/ApJS/244/24,7176500000.0,1614620000.0,8791120000.0,2.18,294409183.4260632,132.7,131.69643980196943,9.3,1614620000.0,0.18366488001528816,579138552.0322506,Delayed_Tau_Fallback
NGC3992,NGC3992,NGC3992,3992.0,,,,135542670000.0,113466000000.0,22076670000.0,4.96,876865160.4112557,241.0,342.8288463785008,9.3,4.0,pending_z0MGS_table4_download,,,,,,,,,,,,,,,,,,,,113466000000.0,,,SPARC_proxy_only_until_z0MGS_match,flux_missing_history_age_scan_results.csv,J/ApJS/244/24/table4 (Leroy et al. 2019 z0MGS),https://cdsarc.cds.unistra.fr/viz-bin/cat/J/ApJS/244/24,113466000000.0,22076670000.0,135542670000.0,4.96,876865160.4112557,241.0,342.8288463785008,9.3,22076670000.0,0.1628761629086988,9029557023.55707,Delayed_Tau_Fallback
NGC4010,NGC4010,NGC4010,4010.0,,,,12363060000.0,8596500000.0,3766560000.0,2.81,249191640.270727,125.8,137.55931542946658,7.649999999999999,7.0,pending_z0MGS_table4_download,,,,,,,,,,,,,,,,,,,,8596500000.0,,,SPARC_proxy_only_until_z0MGS_match,flux_missing_history_age_scan_results.csv,J/ApJS/244/24/table4 (Leroy et al. 2019 z0MGS),https://cdsarc.cds.unistra.fr/viz-bin/cat/J/ApJS/244/24,8596500000.0,3766560000.0,12363060000.0,2.81,249191640.270727,125.8,137.55931542946658,7.649999999999999,3766560000.0,0.3046624379401216,735185962.1737491,Delayed_Tau_Fallback
NGC4013,NGC4013,NGC4013,4013.0,,,,43493110000.0,39547000000.0,3946110000.000001,3.53,555509108.2457563,172.9,230.19880047958105,9.85,3.0,pending_z0MGS_table4_download,,,,,,,,,,,,,,,,,,,,39547000000.0,,,SPARC_proxy_only_until_z0MGS_match,flux_missing_history_age_scan_results.csv,J/ApJS/244/24/table4 (Leroy et al. 2019 z0MGS),https://cdsarc.cds.unistra.fr/viz-bin/cat/J/ApJS/244/24,39547000000.0,3946110000.000001,43493110000.0,3.53,555509108.2457563,172.9,230.19880047958105,9.85,3946110000.000001,0.09072954313913172,2959954817.4469357,Delayed_Tau_Fallback
NGC4051,NGC4051,NGC4051,4051.0,,,,51221010000.0,47634000000.0,3587010000.0000005,4.65,377018241.7231774,157.0,217.6595714823287,9.3,4.0,pending_z0MGS_table4_download,,,,,,,,,,,,,,,,,,,,47634000000.0,,,SPARC_proxy_only_until_z0MGS_match,flux_missing_history_age_scan_results.csv,J/ApJS/244/24/table4 (Leroy et al. 2019 z0MGS),https://cdsarc.cds.unistra.fr/viz-bin/cat/J/ApJS/244/24,47634000000.0,3587010000.0000005,51221010000.0,4.65,377018241.7231774,157.0,217.6595714823287,9.3,3587010000.0000005,0.07003005212119012,3489609190.162453,Delayed_Tau_Fallback
NGC4085,NGC4085,NGC4085,4085.0,,,,12656170000.0,10862000000.0,1794170000.0,1.65,739868509.1318103,131.5,181.6307411484113,8.75,5.0,pending_z0MGS_table4_download,,,,,,,,,,,,,,,,,,,,10862000000.0,,,SPARC_proxy_only_until_z0MGS_match,flux_missing_history_age_scan_results.csv,J/ApJS/244/24/table4 (Leroy et al. 2019 z0MGS),https://cdsarc.cds.unistra.fr/viz-bin/cat/J/ApJS/244/24,10862000000.0,1794170000.0,12656170000.0,1.65,739868509.1318103,131.5,181.6307411484113,8.75,1794170000.0,0.1417624763257763,850851577.9678589,Delayed_Tau_Fallback
NGC4088,NGC4088,NGC4088,4088.0,,,,64583580000.0,53643000000.0,10940580000.000002,2.58,1544197464.030237,171.7,328.11900200958706,9.3,4.0,pending_z0MGS_table4_download,,,,,,,,,,,,,,,,,,,,53643000000.0,,,SPARC_proxy_only_until_z0MGS_match,flux_missing_history_age_scan_results.csv,J/ApJS/244/24/table4 (Leroy et al. 2019 z0MGS),https://cdsarc.cds.unistra.fr/viz-bin/cat/J/ApJS/244/24,53643000000.0,10940580000.000002,64583580000.0,2.58,1544197464.030237,171.7,328.11900200958706,9.3,10940580000.000002,0.16940188202636028,4288334394.0429773,Delayed_Tau_Fallback
NGC4100,NGC4100,NGC4100,4100.0,,,,33822660000.0,29697000000.0,4125660000.0,2.15,1164530779.3437588,158.2,260.11465863631827,9.3,4.0,pending_z0MGS_table4_download,,,,,,,,,,,,,,,,,,,,29697000000.0,,,SPARC_proxy_only_until_z0MGS_match,flux_missing_history_age_scan_results.csv,J/ApJS/244/24/table4 (Leroy et al. 2019 z0MGS),https://cdsarc.cds.unistra.fr/viz-bin/cat/J/ApJS/244/24,29697000000.0,4125660000.0,33822660000.0,2.15,1164530779.3437588,158.2,260.11465863631827,9.3,4125660000.0,0.12197917017762648,2288462993.192598,Delayed_Tau_Fallback
NGC4138,NGC4138,NGC4138,4138.0,,,,24027890000.0,22055500000.0,1972390000.0,1.51,1677188485.4034126,147.3,261.6070968060146,11.5,0.0,pending_z0MGS_table4_download,,,,,,,,,,,,,,,,,,,,22055500000.0,,,SPARC_proxy_only_until_z0MGS_match,flux_missing_history_age_scan_results.csv,J/ApJS/244/24/table4 (Leroy et al. 2019 z0MGS),https://cdsarc.cds.unistra.fr/viz-bin/cat/J/ApJS/244/24,22055500000.0,1972390000.0,24027890000.0,1.51,1677188485.4034126,147.3,261.6070968060146,11.5,1972390000.0,0.08208752412300872,1636381310.2640762,Delayed_Tau_Fallback
NGC4157,NGC4157,NGC4157,4157.0,,,,63750580000.0,52810000000.0,10940580000.000002,2.32,1885073560.488876,184.7,343.77813805074624,9.85,3.0,pending_z0MGS_table4_download,,,,,,,,,,,,,,,,,,,,52810000000.0,,,SPARC_proxy_only_until_z0MGS_match,flux_missing_history_age_scan_results.csv,J/ApJS/244/24/table4 (Leroy et al. 2019 z0MGS),https://cdsarc.cds.unistra.fr/viz-bin/cat/J/ApJS/244/24,52810000000.0,10940580000.000002,63750580000.0,2.32,1885073560.488876,184.7,343.77813805074624,9.85,10940580000.000002,0.17161537981301506,4228115440.427739,Delayed_Tau_Fallback
NGC4183,NGC4183,NGC4183,4183.0,,,,10081980000.0,5419000000.0,4662980000.0,2.79,206137761.99607235,110.6,124.66685153485228,8.2,6.0,pending_z0MGS_table4_download,,,,,,,,,,,,,,,,,,,,5419000000.0,,,SPARC_proxy_only_until_z0MGS_match,flux_missing_history_age_scan_results.csv,J/ApJS/244/24/table4 (Leroy et al. 2019 z0MGS),https://cdsarc.cds.unistra.fr/viz-bin/cat/J/ApJS/244/24,5419000000.0,4662980000.0,10081980000.0,2.79,206137761.99607235,110.6,124.66685153485228,8.2,4662980000.0,0.46250637275614515,483011488.4773737,Delayed_Tau_Fallback
NGC4214,NGC4214,NGC4214,4214.0,,,,1216880000.0,570500000.0,646380000.0000001,0.51,744607716.8383914,80.1,101.30222072164683,6.0,10.0,pending_z0MGS_table4_download,,,,,,,,,,,,,,,,,,,,570500000.0,,,SPARC_proxy_only_until_z0MGS_match,flux_missing_history_age_scan_results.csv,J/ApJS/244/24/table4 (Leroy et al. 2019 z0MGS),https://cdsarc.cds.unistra.fr/viz-bin/cat/J/ApJS/244/24,570500000.0,646380000.0000001,1216880000.0,0.51,744607716.8383914,80.1,101.30222072164683,6.0,646380000.0000001,0.531178094799816,51451911.575336136,Delayed_Tau_Fallback
NGC4217,NGC4217,NGC4217,4217.0,,,,46056960000.0,42649500000.0,3407460000.0,2.94,848048596.3933663,181.3,259.56979048779453,9.85,3.0,pending_z0MGS_table4_download,,,,,,,,,,,,,,,,,,,,42649500000.0,,,SPARC_proxy_only_until_z0MGS_match,flux_missing_history_age_scan_results.csv,J/ApJS/244/24/table4 (Leroy et al. 2019 z0MGS),https://cdsarc.cds.unistra.fr/viz-bin/cat/J/ApJS/244/24,42649500000.0,3407460000.0,46056960000.0,2.94,848048596.3933663,181.3,259.56979048779453,9.85,3407460000.0,0.0739836063865266,3137646935.5776887,Delayed_Tau_Fallback
NGC4559,NGC4559,NGC4559,4559.0,,,,17417130000.0,9688500000.0,7728630000.000001,2.1,628576492.9646583,121.2,188.8681936321125,8.2,6.0,pending_z0MGS_table4_download,,,,,,,,,,,,,,,,,,,,9688500000.0,,,SPARC_proxy_only_until_z0MGS_match,flux_missing_history_age_scan_results.csv,J/ApJS/244/24/table4 (Leroy et al. 2019 z0MGS),https://cdsarc.cds.unistra.fr/viz-bin/cat/J/ApJS/244/24,9688500000.0,7728630000.000001,17417130000.0,2.1,628576492.9646583,121.2,188.8681936321125,8.2,7728630000.000001,0.4437372862233905,860359569.0750954,Delayed_Tau_Fallback
NGC5005,NGC5005,NGC5005,5005.0,,,,91062400000.0,89360000000.0,1702400000.0,9.45,162291437.41565368,262.2,203.57939490541008,9.3,4.0,pending_z0MGS_table4_download,,,,,,,,,,,,,,,,,,,,89360000000.0,,,SPARC_proxy_only_until_z0MGS_match,flux_missing_history_age_scan_results.csv,J/ApJS/244/24/table4 (Leroy et al. 2019 z0MGS),https://cdsarc.cds.unistra.fr/viz-bin/cat/J/ApJS/244/24,89360000000.0,1702400000.0,91062400000.0,9.45,162291437.41565368,262.2,203.57939490541008,9.3,1702400000.0,0.01869487296622975,6178635751.370294,Delayed_Tau_Fallback
NGC5033,NGC5033,NGC5033,5033.0,,,,70302120000.0,55254500000.0,15047620000.0,5.16,420232028.86844224,194.2,242.0692013497236,8.75,5.0,pending_z0MGS_table4_download,,,,,,,,,,,,,,,,,,,,55254500000.0,,,SPARC_proxy_only_until_z0MGS_match,flux_missing_history_age_scan_results.csv,J/ApJS/244/24/table4 (Leroy et al. 2019 z0MGS),https://cdsarc.cds.unistra.fr/viz-bin/cat/J/ApJS/244/24,55254500000.0,15047620000.0,70302120000.0,5.16,420232028.86844224,194.2,242.0692013497236,8.75,15047620000.0,0.21404219389116572,4539710392.889682,Delayed_Tau_Fallback
NGC5055,NGC5055,NGC5055,5055.0,,,,92051260000.0,76461000000.0,15590260000.0,3.2,1430704399.1052012,179.0,351.73862128299544,9.3,4.0,pending_z0MGS_table4_download,,,,,,,,,,,,,,,,,,,,76461000000.0,,,SPARC_proxy_only_until_z0MGS_match,flux_missing_history_age_scan_results.csv,J/ApJS/244/24/table4 (Leroy et al. 2019 z0MGS),https://cdsarc.cds.unistra.fr/viz-bin/cat/J/ApJS/244/24,76461000000.0,15590260000.0,92051260000.0,3.2,1430704399.1052012,179.0,351.73862128299544,9.3,15590260000.0,0.16936498207629097,6112298787.09703,Delayed_Tau_Fallback
NGC5371,NGC5371,NGC5371,5371.0,,,,185065900000.0,170196500000.0,14869400000.0,7.44,532109072.99164623,209.5,327.0822008683224,9.3,4.0,pending_z0MGS_table4_download,,,,,,,,,,,,,,,,,,,,170196500000.0,,,SPARC_proxy_only_until_z0MGS_match,flux_missing_history_age_scan_results.csv,J/ApJS/244/24/table4 (Leroy et al. 2019 z0MGS),https://cdsarc.cds.unistra.fr/viz-bin/cat/J/ApJS/244/24,170196500000.0,14869400000.0,185065900000.0,7.44,532109072.99164623,209.5,327.0822008683224,9.3,14869400000.0,0.08034651440378805,12604828154.45976,Delayed_Tau_Fallback
NGC5585,NGC5585,NGC5585,5585.0,,,,3709890000.000001,1471500000.0,2238390000.0000005,1.53,252230907.69669428,90.3,102.1209810527517,7.649999999999999,7.0,pending_z0MGS_table4_download,,,,,,,,,,,,,,,,,,,,1471500000.0,,,SPARC_proxy_only_until_z0MGS_match,flux_missing_history_age_scan_results.csv,J/ApJS/244/24/table4 (Leroy et al. 2019 z0MGS),https://cdsarc.cds.unistra.fr/viz-bin/cat/J/ApJS/244/24,1471500000.0,2238390000.0000005,3709890000.000001,1.53,252230907.69669428,90.3,102.1209810527517,7.649999999999999,2238390000.0000005,0.6033575119477936,134033120.7242055,Delayed_Tau_Fallback
NGC5907,NGC5907,NGC5907,5907.0,,,,115675750000.0,87712500000.0,27963250000.0,5.34,645624409.3886263,215.0,305.2324557567308,8.75,5.0,pending_z0MGS_table4_download,,,,,,,,,,,,,,,,,,,,87712500000.0,,,SPARC_proxy_only_until_z0MGS_match,flux_missing_history_age_scan_results.csv,J/ApJS/244/24/table4 (Leroy et al. 2019 z0MGS),https://cdsarc.cds.unistra.fr/viz-bin/cat/J/ApJS/244/24,87712500000.0,27963250000.0,115675750000.0,5.34,645624409.3886263,215.0,305.2324557567308,8.75,27963250000.0,0.24173822084576932,7309104479.94258,Delayed_Tau_Fallback
NGC5985,NGC5985,NGC5985,5985.0,,,,119773380000.0,104364000000.0,15409380000.0,7.01,387921991.97445583,293.6,271.0823994662867,9.85,3.0,pending_z0MGS_table4_download,,,,,,,,,,,,,,,,,,,,104364000000.0,,,SPARC_proxy_only_until_z0MGS_match,flux_missing_history_age_scan_results.csv,J/ApJS/244/24/table4 (Leroy et al. 2019 z0MGS),https://cdsarc.cds.unistra.fr/viz-bin/cat/J/ApJS/244/24,104364000000.0,15409380000.0,119773380000.0,7.01,387921991.97445583,293.6,271.0823994662867,9.85,15409380000.0,0.12865446395517935,8088333724.445205,Delayed_Tau_Fallback
NGC6015,NGC6015,NGC6015,6015.0,,,,23823720000.0,16064499999.999998,7759220000.0,2.3,716760453.8444706,154.1,211.0673450998005,8.2,6.0,pending_z0MGS_table4_download,,,,,,,,,,,,,,,,,,,,16064499999.999998,,,SPARC_proxy_only_until_z0MGS_match,flux_missing_history_age_scan_results.csv,J/ApJS/244/24/table4 (Leroy et al. 2019 z0MGS),https://cdsarc.cds.unistra.fr/viz-bin/cat/J/ApJS/244/24,16064499999.999998,7759220000.0,23823720000.0,2.3,716760453.8444706,154.1,211.0673450998005,8.2,7759220000.0,0.32569304877659744,1383720919.54255,Delayed_Tau_Fallback
NGC6195,NGC6195,NGC6195,6195.0,,,,223344310000.0,195538000000.0,27806310000.0,13.94,182923489.210516,251.7,262.5041881639109,9.85,3.0,pending_z0MGS_table4_download,,,,,,,,,,,,,,,,,,,,195538000000.0,,,SPARC_proxy_only_until_z0MGS_match,flux_missing_history_age_scan_results.csv,J/ApJS/244/24/table4 (Leroy et al. 2019 z0MGS),https://cdsarc.cds.unistra.fr/viz-bin/cat/J/ApJS/244/24,195538000000.0,27806310000.0,223344310000.0,13.94,182923489.210516,251.7,262.5041881639109,9.85,27806310000.0,0.12449974660200656,15101050052.51664,Delayed_Tau_Fallback
NGC6503,NGC6503,NGC6503,6503.0,,,,8742020000.0,6422500000.0,2319520000.0,2.16,298211525.9791261,116.3,131.93475035417515,8.2,6.0,pending_z0MGS_table4_download,,,,,,,,,,,,,,,,,,,,6422500000.0,,,SPARC_proxy_only_until_z0MGS_match,flux_missing_history_age_scan_results.csv,J/ApJS/244/24/table4 (Leroy et al. 2019 z0MGS),https://cdsarc.cds.unistra.fr/viz-bin/cat/J/ApJS/244/24,6422500000.0,2319520000.0,8742020000.0,2.16,298211525.9791261,116.3,131.93475035417515,8.2,2319520000.0,0.26532998094261967,540910100.4437841,Delayed_Tau_Fallback
NGC6674,NGC6674,NGC6674,6674.0,,,,150106450000.0,107327000000.0,42779450000.0,6.04,654855694.5823767,241.3,326.93497638879364,9.85,3.0,pending_z0MGS_table4_download,,,,,,,,,,,,,,,,,,,,107327000000.0,,,SPARC_proxy_only_until_z0MGS_match,flux_missing_history_age_scan_results.csv,J/ApJS/244/24/table4 (Leroy et al. 2019 z0MGS),https://cdsarc.cds.unistra.fr/viz-bin/cat/J/ApJS/244/24,107327000000.0,42779450000.0,150106450000.0,6.04,654855694.5823767,241.3,326.93497638879364,9.85,42779450000.0,0.2849940825327626,9111842210.500364,Delayed_Tau_Fallback
NGC6946,NGC6946,NGC6946,6946.0,,,,40627600000.0,33086500000.0,7541100000.0,2.44,1086079576.3840847,158.9,267.6060009955914,8.2,6.0,pending_z0MGS_table4_download,,,,,,,,,,,,,,,,,,,,33086500000.0,,,SPARC_proxy_only_until_z0MGS_match,flux_missing_history_age_scan_results.csv,J/ApJS/244/24/table4 (Leroy et al. 2019 z0MGS),https://cdsarc.cds.unistra.fr/viz-bin/cat/J/ApJS/244/24,33086500000.0,7541100000.0,40627600000.0,2.44,1086079576.3840847,158.9,267.6060009955914,8.2,7541100000.0,0.1856151975504337,2673361324.2208247,Delayed_Tau_Fallback
NGC7331,NGC7331,NGC7331,7331.0,,,,140034610000.0,125315500000.0,14719110000.0,5.02,884398675.6339487,239.0,346.3745797558128,9.85,3.0,pending_z0MGS_table4_download,,,,,,,,,,,,,,,,,,,,125315500000.0,,,SPARC_proxy_only_until_z0MGS_match,flux_missing_history_age_scan_results.csv,J/ApJS/244/24/table4 (Leroy et al. 2019 z0MGS),https://cdsarc.cds.unistra.fr/viz-bin/cat/J/ApJS/244/24,125315500000.0,14719110000.0,140034610000.0,5.02,884398675.6339487,239.0,346.3745797558128,9.85,14719110000.0,0.10511051517906894,9510858119.406404,Delayed_Tau_Fallback
NGC7814,NGC7814,NGC7814,7814.0,,,,38687600000.0,37264500000.0,1423100000.0000005,2.54,954386939.10999,218.9,255.946510864325,10.4,2.0,pending_z0MGS_table4_download,,,,,,,,,,,,,,,,,,,,37264500000.0,,,SPARC_proxy_only_until_z0MGS_match,flux_missing_history_age_scan_results.csv,J/ApJS/244/24/table4 (Leroy et al. 2019 z0MGS),https://cdsarc.cds.unistra.fr/viz-bin/cat/J/ApJS/244/24,37264500000.0,1423100000.0000005,38687600000.0,2.54,954386939.10999,218.9,255.946510864325,10.4,1423100000.0000005,0.03678439603387133,2630549588.242351,Delayed_Tau_Fallback
PGC51017,PGC51017,PGC51017,,,,51017.0,344830000.0,77500000.0,267330000.0,0.53,195376999.02591053,18.6,52.89867129800463,5.449999999999999,11.0,pending_z0MGS_table4_download,,,,,,,,,,,,,,,,,,,,77500000.0,,,SPARC_proxy_only_until_z0MGS_match,flux_missing_history_age_scan_results.csv,J/ApJS/244/24/table4 (Leroy et al. 2019 z0MGS),https://cdsarc.cds.unistra.fr/viz-bin/cat/J/ApJS/244/24,77500000.0,267330000.0,344830000.0,0.53,195376999.02591053,18.6,52.89867129800463,5.449999999999999,267330000.0,0.7752515732389873,7180406.472758663,Delayed_Tau_Fallback
UGC00128,UGC00128,UGC00128,,128.0,,,15893230000.0,6010000000.0,9883230000.0,5.95,71449364.20299141,129.3,107.18346153569172,7.1,8.0,pending_z0MGS_table4_download,,,,,,,,,,,,,,,,,,,,6010000000.0,,,SPARC_proxy_only_until_z0MGS_match,flux_missing_history_age_scan_results.csv,J/ApJS/244/24/table4 (Leroy et al. 2019 z0MGS),https://cdsarc.cds.unistra.fr/viz-bin/cat/J/ApJS/244/24,6010000000.0,9883230000.0,15893230000.0,5.95,71449364.20299141,129.3,107.18346153569172,7.1,9883230000.0,0.6218515682463539,548645298.0352901,Delayed_Tau_Fallback
UGC00731,UGC00731,UGC00731,,731.0,,,2564810000.0,161500000.0,2403310000.0,2.3,77164875.1590783,73.3,69.25383987815813,6.0,10.0,pending_z0MGS_table4_download,,,,,,,,,,,,,,,,,,,,161500000.0,,,SPARC_proxy_only_until_z0MGS_match,flux_missing_history_age_scan_results.csv,J/ApJS/244/24/table4 (Leroy et al. 2019 z0MGS),https://cdsarc.cds.unistra.fr/viz-bin/cat/J/ApJS/244/24,161500000.0,2403310000.0,2564810000.0,2.3,77164875.1590783,73.3,69.25383987815813,6.0,2403310000.0,0.9370323727683532,15126000.583710393,Delayed_Tau_Fallback
UGC01230,UGC01230,UGC01230,,1230.0,,,12361900000.0,3810000000.0,8551900000.0,4.34,104454197.95534526,103.7,110.6822363754832,6.55,9.0,pending_z0MGS_table4_download,,,,,,,,,,,,,,,,,,,,3810000000.0,,,SPARC_proxy_only_until_z0MGS_match,flux_missing_history_age_scan_results.csv,J/ApJS/244/24/table4 (Leroy et al. 2019 z0MGS),https://cdsarc.cds.unistra.fr/viz-bin/cat/J/ApJS/244/24,3810000000.0,8551900000.0,12361900000.0,4.34,104454197.95534526,103.7,110.6822363754832,6.55,8551900000.0,0.6917949506143878,350416665.6606715,Delayed_Tau_Fallback
UGC01281,UGC01281,UGC01281,,1281.0,,,567520000.0,176500000.0,391020000.0,1.63,33995864.843807615,55.2,38.69696999282718,7.1,8.0,pending_z0MGS_table4_download,,,,,,,,,,,,,,,,,,,,176500000.0,,,SPARC_proxy_only_until_z0MGS_match,flux_missing_history_age_scan_results.csv,J/ApJS/244/24/table4 (Leroy et al. 2019 z0MGS),https://cdsarc.cds.unistra.fr/viz-bin/cat/J/ApJS/244/24,176500000.0,391020000.0,567520000.0,1.63,33995864.843807615,55.2,38.69696999282718,7.1,391020000.0,0.6889977445728784,16228780.397452986,Delayed_Tau_Fallback
UGC02259,UGC02259,UGC02259,,2259.0,,,1519520000.0,862500000.0,657020000.0,1.62,92150251.15340526,86.2,63.514938279835846,7.1,8.0,pending_z0MGS_table4_download,,,,,,,,,,,,,,,,,,,,862500000.0,,,SPARC_proxy_only_until_z0MGS_match,flux_missing_history_age_scan_results.csv,J/ApJS/244/24/table4 (Leroy et al. 2019 z0MGS),https://cdsarc.cds.unistra.fr/viz-bin/cat/J/ApJS/244/24,862500000.0,657020000.0,1519520000.0,1.62,92150251.15340526,86.2,63.514938279835846,7.1,657020000.0,0.43238654311887964,76410406.21961616,Delayed_Tau_Fallback
UGC02487,UGC02487,UGC02487,,2487.0,,,268868290000.0,244977500000.0,23890790000.000004,7.89,687393957.7004666,332.0,382.8348525837728,11.5,0.0,pending_z0MGS_table4_download,,,,,,,,,,,,,,,,,,,,244977500000.0,,,SPARC_proxy_only_until_z0MGS_match,flux_missing_history_age_scan_results.csv,J/ApJS/244/24/table4 (Leroy et al. 2019 z0MGS),https://cdsarc.cds.unistra.fr/viz-bin/cat/J/ApJS/244/24,244977500000.0,23890790000.000004,268868290000.0,7.89,687393957.7004666,332.0,382.8348525837728,11.5,23890790000.000004,0.08885685255036957,18301392502.127018,Delayed_Tau_Fallback
UGC02885,UGC02885,UGC02885,,2885.0,,,255062250000.0,201762500000.0,53299750000.00001,11.4,312360863.9861556,289.5,310.20646515137383,8.75,5.0,pending_z0MGS_table4_download,,,,,,,,,,,,,,,,,,,,201762500000.0,,,SPARC_proxy_only_until_z0MGS_match,flux_missing_history_age_scan_results.csv,J/ApJS/244/24/table4 (Leroy et al. 2019 z0MGS),https://cdsarc.cds.unistra.fr/viz-bin/cat/J/ApJS/244/24,201762500000.0,53299750000.00001,255062250000.0,11.4,312360863.9861556,289.5,310.20646515137383,8.75,53299750000.00001,0.20896761476855163,16530316006.355267,Delayed_Tau_Fallback
UGC02916,UGC02916,UGC02916,,2916.0,,,93029590000.0,62076500000.0,30953090000.0,6.15,391463258.7034795,182.7,255.0663532121776,10.4,2.0,pending_z0MGS_table4_download,,,,,,,,,,,,,,,,,,,,62076500000.0,,,SPARC_proxy_only_until_z0MGS_match,flux_missing_history_age_scan_results.csv,J/ApJS/244/24/table4 (Leroy et al. 2019 z0MGS),https://cdsarc.cds.unistra.fr/viz-bin/cat/J/ApJS/244/24,62076500000.0,30953090000.0,93029590000.0,6.15,391463258.7034795,182.7,255.0663532121776,10.4,30953090000.0,0.3327230615549311,5359019724.524289,Delayed_Tau_Fallback
UGC02953,UGC02953,UGC02953,,2953.0,,,139970740000.0,129758999999.99998,10211740000.0,3.55,1767667935.6659772,264.9,411.7983765413415,10.4,2.0,pending_z0MGS_table4_download,,,,,,,,,,,,,,,,,,,,129758999999.99998,,,SPARC_proxy_only_until_z0MGS_match,flux_missing_history_age_scan_results.csv,J/ApJS/244/24/table4 (Leroy et al. 2019 z0MGS),https://cdsarc.cds.unistra.fr/viz-bin/cat/J/ApJS/244/24,129758999999.99998,10211740000.0,139970740000.0,3.55,1767667935.6659772,264.9,411.7983765413415,10.4,10211740000.0,0.07295624785580186,9535735312.736706,Delayed_Tau_Fallback
UGC03205,UGC03205,UGC03205,,3205.0,,,69691410000.0,56821000000.0,12870410000.0,3.19,1089978714.0991092,219.6,306.5310419537026,10.4,2.0,pending_z0MGS_table4_download,,,,,,,,,,,,,,,,,,,,56821000000.0,,,SPARC_proxy_only_until_z0MGS_match,flux_missing_history_age_scan_results.csv,J/ApJS/244/24/table4 (Leroy et al. 2019 z0MGS),https://cdsarc.cds.unistra.fr/viz-bin/cat/J/ApJS/244/24,56821000000.0,12870410000.0,69691410000.0,3.19,1089978714.0991092,219.6,306.5310419537026,10.4,12870410000.0,0.1846771359626674,4588366111.773408,Delayed_Tau_Fallback
UGC03546,UGC03546,UGC03546,,3546.0,,,54225750000.0,50668000000.0,3557750000.0,3.79,600824009.5352541,196.9,248.06377937245,10.95,1.0,pending_z0MGS_table4_download,,,,,,,,,,,,,,,,,,,,50668000000.0,,,SPARC_proxy_only_until_z0MGS_match,flux_missing_history_age_scan_results.csv,J/ApJS/244/24/table4 (Leroy et al. 2019 z0MGS),https://cdsarc.cds.unistra.fr/viz-bin/cat/J/ApJS/244/24,50668000000.0,3557750000.0,54225750000.0,3.79,600824009.5352541,196.9,248.06377937245,10.95,3557750000.0,0.0656099731216258,3694203946.8983874,Delayed_Tau_Fallback
UGC03580,UGC03580,UGC03580,,3580.0,,,12445100000.0,6633000000.0,5812100000.0,2.43,335433145.7387842,126.2,148.41446670165763,10.95,1.0,pending_z0MGS_table4_download,,,,,,,,,,,,,,,,,,,,6633000000.0,,,SPARC_proxy_only_until_z0MGS_match,flux_missing_history_age_scan_results.csv,J/ApJS/244/24/table4 (Leroy et al. 2019 z0MGS),https://cdsarc.cds.unistra.fr/viz-bin/cat/J/ApJS/244/24,6633000000.0,5812100000.0,12445100000.0,2.43,335433145.7387842,126.2,148.41446670165763,10.95,5812100000.0,0.4670191480984484,591726587.8431572,Delayed_Tau_Fallback
UGC04278,UGC04278,UGC04278,,4278.0,,,2137780000.0000005,653500000.0,1484280000.0000005,2.21,69662425.88050862,91.4,64.50086596563446,7.649999999999999,7.0,pending_z0MGS_table4_download,,,,,,,,,,,,,,,,,,,,653500000.0,,,SPARC_proxy_only_until_z0MGS_match,flux_missing_history_age_scan_results.csv,J/ApJS/244/24/table4 (Leroy et al. 2019 z0MGS),https://cdsarc.cds.unistra.fr/viz-bin/cat/J/ApJS/244/24,653500000.0,1484280000.0000005,2137780000.0000005,2.21,69662425.88050862,91.4,64.50086596563446,7.649999999999999,1484280000.0000005,0.6943090495747926,60118931.29170419,Delayed_Tau_Fallback
UGC04305,UGC04305,UGC04305,,4305.0,,,1285700000.0,368000000.0,917700000.0,1.16,152070087.94088128,34.5,69.04321477186939,6.0,10.0,pending_z0MGS_table4_download,,,,,,,,,,,,,,,,,,,,368000000.0,,,SPARC_proxy_only_until_z0MGS_match,flux_missing_history_age_scan_results.csv,J/ApJS/244/24/table4 (Leroy et al. 2019 z0MGS),https://cdsarc.cds.unistra.fr/viz-bin/cat/J/ApJS/244/24,368000000.0,917700000.0,1285700000.0,1.16,152070087.94088128,34.5,69.04321477186939,6.0,917700000.0,0.7137745974955277,33916498.09063714,Delayed_Tau_Fallback
UGC04325,UGC04325,UGC04325,,4325.0,,,1914740000.0,1013000000.0,901740000.0,1.86,88085424.828239,90.9,66.53935860649274,6.55,9.0,pending_z0MGS_table4_download,,,,,,,,,,,,,,,,,,,,1013000000.0,,,SPARC_proxy_only_until_z0MGS_match,flux_missing_history_age_scan_results.csv,J/ApJS/244/24/table4 (Leroy et al. 2019 z0MGS),https://cdsarc.cds.unistra.fr/viz-bin/cat/J/ApJS/244/24,1013000000.0,901740000.0,1914740000.0,1.86,88085424.828239,90.9,66.53935860649274,6.55,901740000.0,0.4709464470371956,90435776.94843636,Delayed_Tau_Fallback
UGC04499,UGC04499,UGC04499,,4499.0,,,2239000000.0,776000000.0,1463000000.0000002,1.73,119064425.00008474,72.8,74.60778946299718,7.1,8.0,pending_z0MGS_table4_download,,,,,,,,,,,,,,,,,,,,776000000.0,,,SPARC_proxy_only_until_z0MGS_match,flux_missing_history_age_scan_results.csv,J/ApJS/244/24/table4 (Leroy et al. 2019 z0MGS),https://cdsarc.cds.unistra.fr/viz-bin/cat/J/ApJS/244/24,776000000.0,1463000000.0000002,2239000000.0,1.73,119064425.00008474,72.8,74.60778946299718,7.1,1463000000.0000002,0.6534167038856633,71091392.88984494,Delayed_Tau_Fallback
UGC05005,UGC05005,UGC05005,,5005.0,,,6163690000.0,2050000000.0,4113690000.0,3.2,95798997.18614104,98.9,91.01764244828443,6.0,10.0,pending_z0MGS_table4_download,,,,,,,,,,,,,,,,,,,,2050000000.0,,,SPARC_proxy_only_until_z0MGS_match,flux_missing_history_age_scan_results.csv,J/ApJS/244/24/table4 (Leroy et al. 2019 z0MGS),https://cdsarc.cds.unistra.fr/viz-bin/cat/J/ApJS/244/24,2050000000.0,4113690000.0,6163690000.0,3.2,95798997.18614104,98.9,91.01764244828443,6.0,4113690000.0,0.6674070240391713,188083342.8181364,Delayed_Tau_Fallback
UGC05253,UGC05253,UGC05253,,5253.0,,,107597680000.0,85791000000.0,21806680000.000004,8.07,262951691.8601021,213.7,239.4665534509161,10.4,2.0,pending_z0MGS_table4_download,,,,,,,,,,,,,,,,,,,,85791000000.0,,,SPARC_proxy_only_until_z0MGS_match,flux_missing_history_age_scan_results.csv,J/ApJS/244/24/table4 (Leroy et al. 2019 z0MGS),https://cdsarc.cds.unistra.fr/viz-bin/cat/J/ApJS/244/24,85791000000.0,21806680000.000004,107597680000.0,8.07,262951691.8601021,213.7,239.4665534509161,10.4,21806680000.000004,0.20266868207567304,7003650152.209479,Delayed_Tau_Fallback
UGC05716,UGC05716,UGC05716,,5716.0,,,1749020000.0000002,294000000.0,1455020000.0000002,1.14,214192965.9638249,73.1,81.23162468705304,6.55,9.0,pending_z0MGS_table4_download,,,,,,,,,,,,,,,,,,,,294000000.0,,,SPARC_proxy_only_until_z0MGS_match,flux_missing_history_age_scan_results.csv,J/ApJS/244/24/table4 (Leroy et al. 2019 z0MGS),https://cdsarc.cds.unistra.fr/viz-bin/cat/J/ApJS/244/24,294000000.0,1455020000.0000002,1749020000.0000002,1.14,214192965.9638249,73.1,81.23162468705304,6.55,1455020000.0000002,0.8319058672856801,27354594.708967492,Delayed_Tau_Fallback
UGC05721,UGC05721,UGC05721,,5721.0,,,1012960000.0,265500000.0,747460000.0000001,0.38,1116465312.703368,79.7,107.07412328800427,7.649999999999999,7.0,pending_z0MGS_table4_download,,,,,,,,,,,,,,,,,,,,265500000.0,,,SPARC_proxy_only_until_z0MGS_match,flux_missing_history_age_scan_results.csv,J/ApJS/244/24/table4 (Leroy et al. 2019 z0MGS),https://cdsarc.cds.unistra.fr/viz-bin/cat/J/ApJS/244/24,265500000.0,747460000.0000001,1012960000.0,0.38,1116465312.703368,79.7,107.07412328800427,7.649999999999999,747460000.0000001,0.7378968567366925,24522472.77578146,Delayed_Tau_Fallback
UGC05986,UGC05986,UGC05986,,5986.0,,,5894610000.0,2347500000.0,3547110000.0,1.67,336389371.8307997,113.0,123.21099933182632,6.55,9.0,pending_z0MGS_table4_download,,,,,,,,,,,,,,,,,,,,2347500000.0,,,SPARC_proxy_only_until_z0MGS_match,flux_missing_history_age_scan_results.csv,J/ApJS/244/24/table4 (Leroy et al. 2019 z0MGS),https://cdsarc.cds.unistra.fr/viz-bin/cat/J/ApJS/244/24,2347500000.0,3547110000.0,5894610000.0,1.67,336389371.8307997,113.0,123.21099933182632,6.55,3547110000.0,0.6017548234743265,213782138.68933487,Delayed_Tau_Fallback
UGC06399,UGC06399,UGC06399,,6399.0,,,2044420000.0,1148000000.0,896420000.0000001,2.05,77425234.68314877,85.0,65.49200815962577,6.55,9.0,pending_z0MGS_table4_download,,,,,,,,,,,,,,,,,,,,1148000000.0,,,SPARC_proxy_only_until_z0MGS_match,flux_missing_history_age_scan_results.csv,J/ApJS/244/24/table4 (Leroy et al. 2019 z0MGS),https://cdsarc.cds.unistra.fr/viz-bin/cat/J/ApJS/244/24,1148000000.0,896420000.0000001,2044420000.0,2.05,77425234.68314877,85.0,65.49200815962577,6.55,896420000.0000001,0.43847154694240914,101833976.63155249,Delayed_Tau_Fallback
UGC06446,UGC06446,UGC06446,,6446.0,,,2328070000.0,494000000.0,1834070000.0,1.49,166895116.60013008,82.2,81.97568613056667,7.649999999999999,7.0,pending_z0MGS_table4_download,,,,,,,,,,,,,,,,,,,,494000000.0,,,SPARC_proxy_only_until_z0MGS_match,flux_missing_history_age_scan_results.csv,J/ApJS/244/24/table4 (Leroy et al. 2019 z0MGS),https://cdsarc.cds.unistra.fr/viz-bin/cat/J/ApJS/244/24,494000000.0,1834070000.0,2328070000.0,1.49,166895116.60013008,82.2,81.97568613056667,7.649999999999999,1834070000.0,0.7878070676569003,45814348.46985706,Delayed_Tau_Fallback
UGC06614,UGC06614,UGC06614,,6614.0,,,91286040000.0,62175000000.0,29111040000.000004,5.1,558578412.1985576,199.8,277.4580138865741,10.95,1.0,pending_z0MGS_table4_download,,,,,,,,,,,,,,,,,,,,62175000000.0,,,SPARC_proxy_only_until_z0MGS_match,flux_missing_history_age_scan_results.csv,J/ApJS/244/24/table4 (Leroy et al. 2019 z0MGS),https://cdsarc.cds.unistra.fr/viz-bin/cat/J/ApJS/244/24,62175000000.0,29111040000.000004,91286040000.0,5.1,558578412.1985576,199.8,277.4580138865741,10.95,29111040000.000004,0.31889914383404083,5343485971.987835,Delayed_Tau_Fallback
UGC06628,UGC06628,UGC06628,,6628.0,,,3864500000.0,1869500000.0,1995000000.0,2.82,77341969.41535003,41.8,76.77189824362218,6.55,9.0,pending_z0MGS_table4_download,,,,,,,,,,,,,,,,,,,,1869500000.0,,,SPARC_proxy_only_until_z0MGS_match,flux_missing_history_age_scan_results.csv,J/ApJS/244/24/table4 (Leroy et al. 2019 z0MGS),https://cdsarc.cds.unistra.fr/viz-bin/cat/J/ApJS/244/24,1869500000.0,1995000000.0,3864500000.0,2.82,77341969.41535003,41.8,76.77189824362218,6.55,1995000000.0,0.5162375469012809,168211351.02510986,Delayed_Tau_Fallback
UGC06667,UGC06667,UGC06667,,6667.0,,,1774470000.0,698500000.0,1075970000.0,5.15,10648154.279131887,83.8,38.4955823154531,8.2,6.0,pending_z0MGS_table4_download,,,,,,,,,,,,,,,,,,,,698500000.0,,,SPARC_proxy_only_until_z0MGS_match,flux_missing_history_age_scan_results.csv,J/ApJS/244/24/table4 (Leroy et al. 2019 z0MGS),https://cdsarc.cds.unistra.fr/viz-bin/cat/J/ApJS/244/24,698500000.0,1075970000.0,1774470000.0,5.15,10648154.279131887,83.8,38.4955823154531,8.2,1075970000.0,0.6063613360609084,63647081.776771404,Delayed_Tau_Fallback
UGC06786,UGC06786,UGC06786,,6786.0,,,43393400000.0,36703500000.0,6689900000.000001,3.6,532891520.64535886,219.4,227.6883274188156,11.5,0.0,pending_z0MGS_table4_download,,,,,,,,,,,,,,,,,,,,36703500000.0,,,SPARC_proxy_only_until_z0MGS_match,flux_missing_history_age_scan_results.csv,J/ApJS/244/24/table4 (Leroy et al. 2019 z0MGS),https://cdsarc.cds.unistra.fr/viz-bin/cat/J/ApJS/244/24,36703500000.0,6689900000.000001,43393400000.0,3.6,532891520.64535886,219.4,227.6883274188156,11.5,6689900000.000001,0.15416860628574855,2902476836.4137673,Delayed_Tau_Fallback
UGC06787,UGC06787,UGC06787,,6787.0,,,55817900000.0,49128000000.0,6689900000.000001,5.37,308066910.7292776,248.1,211.43641237591623,10.4,2.0,pending_z0MGS_table4_download,,,,,,,,,,,,,,,,,,,,49128000000.0,,,SPARC_proxy_only_until_z0MGS_match,flux_missing_history_age_scan_results.csv,J/ApJS/244/24/table4 (Leroy et al. 2019 z0MGS),https://cdsarc.cds.unistra.fr/viz-bin/cat/J/ApJS/244/24,49128000000.0,6689900000.000001,55817900000.0,5.37,308066910.7292776,248.1,211.43641237591623,10.4,6689900000.000001,0.11985223378163637,3778804331.692178,Delayed_Tau_Fallback
UGC06818,UGC06818,UGC06818,,6818.0,,,2229070000.0,794000000.0,1435070000.0,1.39,183617571.03558367,71.2,83.04904269087335,6.55,9.0,pending_z0MGS_table4_download,,,,,,,,,,,,,,,,,,,,794000000.0,,,SPARC_proxy_only_until_z0MGS_match,flux_missing_history_age_scan_results.csv,J/ApJS/244/24/table4 (Leroy et al. 2019 z0MGS),https://cdsarc.cds.unistra.fr/viz-bin/cat/J/ApJS/244/24,794000000.0,1435070000.0,2229070000.0,1.39,183617571.03558367,71.2,83.04904269087335,6.55,1435070000.0,0.6437976375797978,72664273.17011127,Delayed_Tau_Fallback
UGC06917,UGC06917,UGC06917,,6917.0,,,6106590000.0,3416000000.0,2690590000.0000005,2.76,127585326.60359396,108.7,97.549493192252,6.55,9.0,pending_z0MGS_table4_download,,,,,,,,,,,,,,,,,,,,3416000000.0,,,SPARC_proxy_only_until_z0MGS_match,flux_missing_history_age_scan_results.csv,J/ApJS/244/24/table4 (Leroy et al. 2019 z0MGS),https://cdsarc.cds.unistra.fr/viz-bin/cat/J/ApJS/244/24,3416000000.0,2690590000.0000005,6106590000.0,2.76,127585326.60359396,108.7,97.549493192252,6.55,2690590000.0000005,0.4406043307312265,303152518.744805,Delayed_Tau_Fallback
UGC06923,UGC06923,UGC06923,,6923.0,,,2520970000.0,1445000000.0,1075970000.0,1.44,193491915.93671656,79.6,86.772631864914,6.0,10.0,pending_z0MGS_table4_download,,,,,,,,,,,,,,,,,,,,1445000000.0,,,SPARC_proxy_only_until_z0MGS_match,flux_missing_history_age_scan_results.csv,J/ApJS/244/24/table4 (Leroy et al. 2019 z0MGS),https://cdsarc.cds.unistra.fr/viz-bin/cat/J/ApJS/244/24,1445000000.0,1075970000.0,2520970000.0,1.44,193491915.93671656,79.6,86.772631864914,6.0,1075970000.0,0.4268079350408771,127861362.21988815,Delayed_Tau_Fallback
UGC06930,UGC06930,UGC06930,,6930.0,,,8771210000.0,4466000000.0,4305210000.000001,3.94,89926397.76836967,107.2,97.85022326582904,7.649999999999999,7.0,pending_z0MGS_table4_download,,,,,,,,,,,,,,,,,,,,4466000000.0,,,SPARC_proxy_only_until_z0MGS_match,flux_missing_history_age_scan_results.csv,J/ApJS/244/24/table4 (Leroy et al. 2019 z0MGS),https://cdsarc.cds.unistra.fr/viz-bin/cat/J/ApJS/244/24,4466000000.0,4305210000.000001,8771210000.0,3.94,89926397.76836967,107.2,97.85022326582904,7.649999999999999,4305210000.000001,0.49083421785591735,400133547.9938885,Delayed_Tau_Fallback
UGC06973,UGC06973,UGC06973,,6973.0,,,29266490000.0,26935000000.0,2331490000.0,1.07,4068395973.840095,174.2,342.98380047560784,10.4,2.0,pending_z0MGS_table4_download,,,,,,,,,,,,,,,,,,,,26935000000.0,,,SPARC_proxy_only_until_z0MGS_match,flux_missing_history_age_scan_results.csv,J/ApJS/244/24/table4 (Leroy et al. 2019 z0MGS),https://cdsarc.cds.unistra.fr/viz-bin/cat/J/ApJS/244/24,26935000000.0,2331490000.0,29266490000.0,1.07,4068395973.840095,174.2,342.98380047560784,10.4,2331490000.0,0.07966414831433492,1993405876.2697277,Delayed_Tau_Fallback
UGC06983,UGC06983,UGC06983,,6983.0,,,6595110000.000001,2649000000.0,3946110000.000001,3.21,101866670.23173204,109.0,94.0023439591433,8.2,6.0,pending_z0MGS_table4_download,,,,,,,,,,,,,,,,,,,,2649000000.0,,,SPARC_proxy_only_until_z0MGS_match,flux_missing_history_age_scan_results.csv,J/ApJS/244/24/table4 (Leroy et al. 2019 z0MGS),https://cdsarc.cds.unistra.fr/viz-bin/cat/J/ApJS/244/24,2649000000.0,3946110000.000001,6595110000.000001,3.21,101866670.23173204,109.0,94.0023439591433,8.2,3946110000.000001,0.5983387691789827,241136557.19832104,Delayed_Tau_Fallback
UGC07125,UGC07125,UGC07125,,7125.0,,,7512569999.999999,1356000000.0,6156569999.999999,3.38,104658682.36615317,65.2,97.77235884165594,6.55,9.0,pending_z0MGS_table4_download,,,,,,,,,,,,,,,,,,,,1356000000.0,,,SPARC_proxy_only_until_z0MGS_match,flux_missing_history_age_scan_results.csv,J/ApJS/244/24/table4 (Leroy et al. 2019 z0MGS),https://cdsarc.cds.unistra.fr/viz-bin/cat/J/ApJS/244/24,1356000000.0,6156569999.999999,7512569999.999999,3.38,104658682.36615317,65.2,97.77235884165594,6.55,6156569999.999999,0.8195025137868931,126055073.43302919,Delayed_Tau_Fallback
UGC07151,UGC07151,UGC07151,,7151.0,,,1961280000.0,1142000000.0,819280000.0,1.25,199774340.3438544,73.5,82.1476172012311,8.2,6.0,pending_z0MGS_table4_download,,,,,,,,,,,,,,,,,,,,1142000000.0,,,SPARC_proxy_only_until_z0MGS_match,flux_missing_history_age_scan_results.csv,J/ApJS/244/24/table4 (Leroy et al. 2019 z0MGS),https://cdsarc.cds.unistra.fr/viz-bin/cat/J/ApJS/244/24,1142000000.0,819280000.0,1961280000.0,1.25,199774340.3438544,73.5,82.1476172012311,8.2,819280000.0,0.417727198564203,100847441.82911442,Delayed_Tau_Fallback
UGC07261,UGC07261,UGC07261,,7261.0,,,2722540000.0,876500000.0,1846040000.0,1.2,300906735.25375605,74.7,98.78174389109896,7.1,8.0,pending_z0MGS_table4_download,,,,,,,,,,,,,,,,,,,,876500000.0,,,SPARC_proxy_only_until_z0MGS_match,flux_missing_history_age_scan_results.csv,J/ApJS/244/24/table4 (Leroy et al. 2019 z0MGS),https://cdsarc.cds.unistra.fr/viz-bin/cat/J/ApJS/244/24,876500000.0,1846040000.0,2722540000.0,1.2,300906735.25375605,74.7,98.78174389109896,7.1,1846040000.0,0.678057989965253,80504657.94655739,Delayed_Tau_Fallback
UGC07399,UGC07399,UGC07399,,7399.0,,,1568850000.0,578000000.0,990850000.0,1.64,92835452.28648128,103.0,64.14295511713298,7.1,8.0,pending_z0MGS_table4_download,,,,,,,,,,,,,,,,,,,,578000000.0,,,SPARC_proxy_only_until_z0MGS_match,flux_missing_history_age_scan_results.csv,J/ApJS/244/24/table4 (Leroy et al. 2019 z0MGS),https://cdsarc.cds.unistra.fr/viz-bin/cat/J/ApJS/244/24,578000000.0,990850000.0,1568850000.0,1.64,92835452.28648128,103.0,64.14295511713298,7.1,990850000.0,0.6315772699748223,52824221.61505018,Delayed_Tau_Fallback
UGC07524,UGC07524,UGC07524,,7524.0,,,3584070000.0,1218000000.0,2366070000.0,3.46,47647971.606750086,79.5,66.74678772487553,6.55,9.0,pending_z0MGS_table4_download,,,,,,,,,,,,,,,,,,,,1218000000.0,,,SPARC_proxy_only_until_z0MGS_match,flux_missing_history_age_scan_results.csv,J/ApJS/244/24/table4 (Leroy et al. 2019 z0MGS),https://cdsarc.cds.unistra.fr/viz-bin/cat/J/ApJS/244/24,1218000000.0,2366070000.0,3584070000.0,3.46,47647971.606750086,79.5,66.74678772487553,6.55,2366070000.0,0.6601628874436046,111664396.13035744,Delayed_Tau_Fallback
UGC07603,UGC07603,UGC07603,,7603.0,,,531140000.0,188000000.0,343140000.0,0.53,300938257.2938031,61.6,65.65181653208282,7.649999999999999,7.0,pending_z0MGS_table4_download,,,,,,,,,,,,,,,,,,,,188000000.0,,,SPARC_proxy_only_until_z0MGS_match,flux_missing_history_age_scan_results.csv,J/ApJS/244/24/table4 (Leroy et al. 2019 z0MGS),https://cdsarc.cds.unistra.fr/viz-bin/cat/J/ApJS/244/24,188000000.0,343140000.0,531140000.0,0.53,300938257.2938031,61.6,65.65181653208282,7.649999999999999,343140000.0,0.6460443574198893,17209393.96430876,Delayed_Tau_Fallback
UGC07690,UGC07690,UGC07690,,7690.0,,,947700000.0,429000000.0,518700000.00000006,0.57,464238656.7195728,57.4,84.562573188205,6.0,10.0,pending_z0MGS_table4_download,,,,,,,,,,,,,,,,,,,,429000000.0,,,SPARC_proxy_only_until_z0MGS_match,flux_missing_history_age_scan_results.csv,J/ApJS/244/24/table4 (Leroy et al. 2019 z0MGS),https://cdsarc.cds.unistra.fr/viz-bin/cat/J/ApJS/244/24,429000000.0,518700000.00000006,947700000.0,0.57,464238656.7195728,57.4,84.562573188205,6.0,518700000.00000006,0.5473251028806585,38783691.43729909,Delayed_Tau_Fallback
UGC08286,UGC08286,UGC08286,,8286.0,,,1481360000.0,627500000.0,853860000.0000001,1.05,213846500.22549668,82.4,77.8961215343565,8.2,6.0,pending_z0MGS_table4_download,,,,,,,,,,,,,,,,,,,,627500000.0,,,SPARC_proxy_only_until_z0MGS_match,flux_missing_history_age_scan_results.csv,J/ApJS/244/24/table4 (Leroy et al. 2019 z0MGS),https://cdsarc.cds.unistra.fr/viz-bin/cat/J/ApJS/244/24,627500000.0,853860000.0000001,1481360000.0,1.05,213846500.22549668,82.4,77.8961215343565,8.2,853860000.0000001,0.5764027650267323,56959264.43144363,Delayed_Tau_Fallback
UGC08490,UGC08490,UGC08490,,8490.0,,,1466100000.0,508500000.0,957600000.0,0.67,519797420.5101976,78.6,97.01180225937428,6.55,9.0,pending_z0MGS_table4_download,,,,,,,,,,,,,,,,,,,,508500000.0,,,SPARC_proxy_only_until_z0MGS_match,flux_missing_history_age_scan_results.csv,J/ApJS/244/24/table4 (Leroy et al. 2019 z0MGS),https://cdsarc.cds.unistra.fr/viz-bin/cat/J/ApJS/244/24,508500000.0,957600000.0,1466100000.0,0.67,519797420.5101976,78.6,97.01180225937428,6.55,957600000.0,0.6531614487415592,46583738.50524635,Delayed_Tau_Fallback
UGC08550,UGC08550,UGC08550,,8550.0,,,527540000.0,144500000.0,383040000.0,0.45,414620240.3886344,56.9,71.00707416088125,7.649999999999999,7.0,pending_z0MGS_table4_download,,,,,,,,,,,,,,,,,,,,144500000.0,,,SPARC_proxy_only_until_z0MGS_match,flux_missing_history_age_scan_results.csv,J/ApJS/244/24/table4 (Leroy et al. 2019 z0MGS),https://cdsarc.cds.unistra.fr/viz-bin/cat/J/ApJS/244/24,144500000.0,383040000.0,527540000.0,0.45,414620240.3886344,56.9,71.00707416088125,7.649999999999999,383040000.0,0.7260871213557266,13332633.933864696,Delayed_Tau_Fallback
UGC08699,UGC08699,UGC08699,,8699.0,,,30122540000.0,25151000000.0,4971540000.0,3.09,502105250.20510274,182.4,204.7607598489414,10.4,2.0,pending_z0MGS_table4_download,,,,,,,,,,,,,,,,,,,,25151000000.0,,,SPARC_proxy_only_until_z0MGS_match,flux_missing_history_age_scan_results.csv,J/ApJS/244/24/table4 (Leroy et al. 2019 z0MGS),https://cdsarc.cds.unistra.fr/viz-bin/cat/J/ApJS/244/24,25151000000.0,4971540000.0,30122540000.0,3.09,502105250.20510274,182.4,204.7607598489414,10.4,4971540000.0,0.1650438508837568,2004560952.361396,Delayed_Tau_Fallback
UGC09037,UGC09037,UGC09037,,9037.0,,,59680740000.0,34307000000.000004,25373740000.0,4.28,518521529.0845381,152.3,244.89244800915336,8.2,6.0,pending_z0MGS_table4_download,,,,,,,,,,,,,,,,,,,,34307000000.000004,,,SPARC_proxy_only_until_z0MGS_match,flux_missing_history_age_scan_results.csv,J/ApJS/244/24/table4 (Leroy et al. 2019 z0MGS),https://cdsarc.cds.unistra.fr/viz-bin/cat/J/ApJS/244/24,34307000000.000004,25373740000.0,59680740000.0,4.28,518521529.0845381,152.3,244.89244800915336,8.2,25373740000.0,0.4251579320229608,3034574515.6315413,Delayed_Tau_Fallback
UGC09133,UGC09133,UGC09133,,9133.0,,,185922240000.0,141463000000.0,44459240000.0,6.97,609096240.0185609,226.8,338.71112386331777,10.4,2.0,pending_z0MGS_table4_download,,,,,,,,,,,,,,,,,,,,141463000000.0,,,SPARC_proxy_only_until_z0MGS_match,flux_missing_history_age_scan_results.csv,J/ApJS/244/24/table4 (Leroy et al. 2019 z0MGS),https://cdsarc.cds.unistra.fr/viz-bin/cat/J/ApJS/244/24,141463000000.0,44459240000.0,185922240000.0,6.97,609096240.0185609,226.8,338.71112386331777,10.4,44459240000.0,0.23912814303442126,11773394039.36532,Delayed_Tau_Fallback
UGC09992,UGC09992,UGC09992,,9992.0,,,590940000.0,168000000.0,422940000.0,1.04,86955456.79615812,33.6,49.43507548173275,6.0,10.0,pending_z0MGS_table4_download,,,,,,,,,,,,,,,,,,,,168000000.0,,,SPARC_proxy_only_until_z0MGS_match,flux_missing_history_age_scan_results.csv,J/ApJS/244/24/table4 (Leroy et al. 2019 z0MGS),https://cdsarc.cds.unistra.fr/viz-bin/cat/J/ApJS/244/24,168000000.0,422940000.0,590940000.0,1.04,86955456.79615812,33.6,49.43507548173275,6.0,422940000.0,0.7157071783937455,15486367.35240184,Delayed_Tau_Fallback
UGC10310,UGC10310,UGC10310,,10310.0,,,2461180000.0,870500000.0,1590680000.0,1.8,120897828.0367009,71.4,76.68591669125288,6.55,9.0,pending_z0MGS_table4_download,,,,,,,,,,,,,,,,,,,,870500000.0,,,SPARC_proxy_only_until_z0MGS_match,flux_missing_history_age_scan_results.csv,J/ApJS/244/24/table4 (Leroy et al. 2019 z0MGS),https://cdsarc.cds.unistra.fr/viz-bin/cat/J/ApJS/244/24,870500000.0,1590680000.0,2461180000.0,1.8,120897828.0367009,71.4,76.68591669125288,6.55,1590680000.0,0.6463078685833624,79687287.67755564,Delayed_Tau_Fallback
UGC11455,UGC11455,UGC11455,,11455.0,,,204896550000.0,187161000000.0,17735550000.000004,5.93,927353661.0363086,269.4,385.4962463669197,8.2,6.0,pending_z0MGS_table4_download,,,,,,,,,,,,,,,,,,,,187161000000.0,,,SPARC_proxy_only_until_z0MGS_match,flux_missing_history_age_scan_results.csv,J/ApJS/244/24/table4 (Leroy et al. 2019 z0MGS),https://cdsarc.cds.unistra.fr/viz-bin/cat/J/ApJS/244/24,187161000000.0,17735550000.000004,204896550000.0,5.93,927353661.0363086,269.4,385.4962463669197,8.2,17735550000.000004,0.086558558453034,13949756403.557709,Delayed_Tau_Fallback
UGC11914,UGC11914,UGC11914,,11914.0,,,76195040000.0,75014000000.0,1181040000.0,2.44,2036888144.162304,288.1,366.4785959164847,10.4,2.0,pending_z0MGS_table4_download,,,,,,,,,,,,,,,,,,,,75014000000.0,,,SPARC_proxy_only_until_z0MGS_match,flux_missing_history_age_scan_results.csv,J/ApJS/244/24/table4 (Leroy et al. 2019 z0MGS),https://cdsarc.cds.unistra.fr/viz-bin/cat/J/ApJS/244/24,75014000000.0,1181040000.0,76195040000.0,2.44,2036888144.162304,288.1,366.4785959164847,10.4,1181040000.0,0.01550022153672995,5167871616.868485,Delayed_Tau_Fallback
UGC12506,UGC12506,UGC12506,,12506.0,,,117074980000.0,69785500000.0,47289480000.0,7.38,342114514.7910339,234.0,261.20653765930524,8.2,6.0,pending_z0MGS_table4_download,,,,,,,,,,,,,,,,,,,,69785500000.0,,,SPARC_proxy_only_until_z0MGS_match,flux_missing_history_age_scan_results.csv,J/ApJS/244/24/table4 (Leroy et al. 2019 z0MGS),https://cdsarc.cds.unistra.fr/viz-bin/cat/J/ApJS/244/24,69785500000.0,47289480000.0,117074980000.0,7.38,342114514.7910339,234.0,261.20653765930524,8.2,47289480000.0,0.4039247326798604,6142990370.569109,Delayed_Tau_Fallback
UGC12632,UGC12632,UGC12632,,12632.0,,,2970020000.0,650500000.0,2319520000.0,2.42,80713981.98241088,71.7,72.6527706984757,6.55,9.0,pending_z0MGS_table4_download,,,,,,,,,,,,,,,,,,,,650500000.0,,,SPARC_proxy_only_until_z0MGS_match,flux_missing_history_age_scan_results.csv,J/ApJS/244/24/table4 (Leroy et al. 2019 z0MGS),https://cdsarc.cds.unistra.fr/viz-bin/cat/J/ApJS/244/24,650500000.0,2319520000.0,2970020000.0,2.42,80713981.98241088,71.7,72.6527706984757,6.55,2319520000.0,0.7809779058726877,60296348.19902338,Delayed_Tau_Fallback
UGCA442,UGCA442,UGCA442,,,,,419790000.0,70000000.0,349790000.0,1.18,47983089.31380836,56.4,39.11607031253159,6.55,9.0,pending_z0MGS_table4_download,,,,,,,,,,,,,,,,,,,,70000000.0,,,SPARC_proxy_only_until_z0MGS_match,flux_missing_history_age_scan_results.csv,J/ApJS/244/24/table4 (Leroy et al. 2019 z0MGS),https://cdsarc.cds.unistra.fr/viz-bin/cat/J/ApJS/244/24,70000000.0,349790000.0,419790000.0,1.18,47983089.31380836,56.4,39.11607031253159,6.55,349790000.0,0.8332499583124896,6513610.8124004975,Delayed_Tau_Fallback
UGCA444,UGCA444,UGCA444,,,,,95110000.0,6000000.0,89110000.0,0.83,21973039.1021486,37.0,22.200063771209827,6.0,10.0,pending_z0MGS_table4_download,,,,,,,,,,,,,,,,,,,,6000000.0,,,SPARC_proxy_only_until_z0MGS_match,flux_missing_history_age_scan_results.csv,J/ApJS/244/24/table4 (Leroy et al. 2019 z0MGS),https://cdsarc.cds.unistra.fr/viz-bin/cat/J/ApJS/244/24,6000000.0,89110000.0,95110000.0,0.83,21973039.1021486,37.0,22.200063771209827,6.0,89110000.0,0.9369151508779309,561952.9639888598,Delayed_Tau_Fallback
