proxy,Dsat,q_sat,phi0,best_model,best_BIC,BIC_mass_only,BIC_capacity_state,delta_BIC_capacity_minus_mass,mass_step_mu_high_minus_low,H0_overflow_minus_filling,score
hybrid,1.15,7.0,0.083,E_Gsat,-11497.06374744465,-10476.591518849964,-11481.416398456775,-1004.824879606811,-0.07993540969303152,5.821933425859513,6.459030696848167e-05
hybrid,1.15,3.0,0.083,E_Gsat,-11496.751109430143,-10727.5843941628,-11481.314489931992,-753.7300957691914,-0.08017217681151356,5.103576075128544,0.0001721768115135608
MR_age,1.0,3.0,0.07,E_Gsat,-11496.479354723138,-10979.499407292107,-11481.268839913306,-501.7694326211986,-0.0797759012471718,4.372914314948645,0.00022409875282820846
sigma_age,1.15,7.0,0.1,E_Gsat,-11497.649636547836,-10019.112964499922,-11482.048396628015,-1462.9354321280935,-0.08036220560837129,6.952100672638537,0.00036220560837128823
hybrid,1.15,5.0,0.083,E_Gsat,-11497.095444181383,-10551.20904027678,-11481.5053569212,-930.2963166444188,-0.08041846365156291,5.634720562910431,0.00041846365156290866
sigma_age,1.3,3.0,0.1,E_Gsat,-11497.059012965603,-10342.21849618749,-11481.944273763113,-1139.7257775756225,-0.07932323763299326,6.1101963857381065,0.0006767623670067419
MR_age,1.0,5.0,0.07,E_Gsat,-11496.777226133589,-10854.492784799657,-11481.455652338791,-626.9628675391341,-0.0808990558765296,4.783271326564304,0.0008990558765295947
MR_age,1.0,7.0,0.07,E_Gsat,-11497.022904471893,-10795.675516213929,-11481.618103110493,-685.9425868965645,-0.0809086820209552,4.930143160340677,0.0009086820209552038
hybrid,0.75,5.0,0.07,E_Gsat,-11496.309168011783,-10840.420384895962,-11480.794865726473,-640.374480830511,-0.07871416121619124,4.72144082914933,0.0012858387838087654
sigma_age,1.3,5.0,0.1,E_Gsat,-11497.686140889047,-10099.241770718145,-11482.561569868913,-1383.3197991507677,-0.07869717109909563,6.780171112928272,0.0013028289009043709
MR_age,1.15,7.0,0.07,E_Gsat,-11496.546330623412,-10800.364699045631,-11481.568192014674,-681.2034929690435,-0.07853785376412904,4.909906147299083,0.0014621462358709592
hybrid,0.75,7.0,0.07,E_Gsat,-11496.061424578971,-10783.624632887471,-11480.628819837342,-697.0041869498709,-0.07848359300047966,4.88142134240924,0.0015164069995203394
MR_age,1.15,5.0,0.07,E_Gsat,-11496.31989745366,-10859.991671500547,-11481.41237024841,-621.4206987478628,-0.07832298429271908,4.764236673493471,0.0016770157072809183
MR_age,0.9,3.0,0.07,E_Gsat,-11496.664668678963,-10980.401523623981,-11481.222247933694,-500.8207243097131,-0.0817426082655144,4.403996752742074,0.0017426082655143948
sigma_age,1.15,5.0,0.1,E_Gsat,-11497.66755968702,-10115.792476455825,-11482.114766230186,-1366.3222897743617,-0.08178387168562407,6.725830472032058,0.0017838716856240638
hybrid,1.3,5.0,0.083,E_Gsat,-11497.203641414308,-10551.26468184503,-11481.872087631804,-930.6074057867736,-0.07803699546269018,5.67048920506015,0.001963004537309826
sigma_age,0.75,3.0,0.083,E_Gsat,-11496.422985218,-10763.92959401293,-11481.557085251034,-717.6274912381032,-0.07794939135456203,4.88473633665609,0.0020506086454379763
sigma_age,0.75,5.0,0.083,E_Gsat,-11496.262084701997,-10608.999261122,-11481.740386306938,-872.7411251849371,-0.08215106813723033,5.45096225741149,0.0021510681372303303
sigma_age,1.15,3.0,0.1,E_Gsat,-11497.215597886725,-10354.3832230345,-11481.68331955488,-1127.300096520381,-0.08216460133939235,6.056730589527888,0.0021646013393923497
hybrid,1.3,7.0,0.083,E_Gsat,-11497.600089999776,-10471.247401780389,-11482.150258654754,-1010.9028568743652,-0.077824276626626,5.8604471110366205,0.002175723373374003
hybrid,1.3,3.0,0.083,E_Gsat,-11496.570351665398,-10731.946027869672,-11481.361487794895,-749.4154599252233,-0.07743403295913409,5.134921491491653,0.00256596704086591
hybrid,0.75,3.0,0.07,E_Gsat,-11496.62549051809,-10961.17454913201,-11481.010513489926,-519.8359643579151,-0.07734548351576648,4.28120754800598,0.002654516484233524
sigma_age,1.3,7.0,0.1,E_Gsat,-11497.80441893027,-10003.051155227618,-11482.544912647229,-1479.4937574196101,-0.07730211275389737,7.001704696554739,0.0026978872461026343
hybrid,1.0,7.0,0.083,E_Gsat,-11496.451195380387,-10493.155340463465,-11480.87244778987,-987.7171073264053,-0.08278076724400943,5.783892484452323,0.002780767244009427
MR_age,0.9,7.0,0.07,E_Gsat,-11497.014589827379,-10800.202373633969,-11481.398703764125,-681.1963301301566,-0.08280446086319837,4.967834328150943,0.0028044608631983686
MR_age,0.9,5.0,0.07,E_Gsat,-11496.923798333362,-10856.7890125729,-11481.37621602862,-624.5872034557196,-0.08281939493466821,4.817466984880653,0.002819394934668207
MR_age,1.15,3.0,0.07,E_Gsat,-11496.142814746767,-10984.510770419472,-11481.344378327938,-496.83360790846564,-0.0769734680509115,4.354195702777773,0.003026531949088501
sigma_age,0.9,5.0,0.083,E_Gsat,-11497.002136440948,-10519.600355208519,-11481.594598420406,-961.9942432118878,-0.07693750382492207,5.564492930433715,0.003062496175077936
hybrid,1.0,3.0,0.083,E_Gsat,-11496.817456580155,-10735.061329271322,-11481.22237632591,-746.1610470545875,-0.08320484654284796,5.076940743114449,0.0032048465428479583
sigma_age,0.75,7.0,0.083,E_Gsat,-11496.133724403886,-10532.675073292537,-11481.750110942094,-949.0750376495562,-0.0832278623788068,5.663474380980034,0.0032278623788068034
sigma_age,0.9,7.0,0.083,E_Gsat,-11496.892278960746,-10438.691938087444,-11481.519576470786,-1042.8276383833418,-0.076715501423288,5.77075782751551,0.0032844985767120083
hybrid,1.0,5.0,0.083,E_Gsat,-11496.782424071249,-10564.973369703714,-11481.135831207457,-916.1624615037435,-0.08339819356960237,5.6003728682345155,0.003398193569602373
MR_age,1.3,7.0,0.07,E_Gsat,-11495.775369863199,-10815.429608822227,-11480.959864573919,-665.5302557516916,-0.07644919766764004,4.888156714873247,0.0035508023323599647
MR_age,1.3,5.0,0.07,E_Gsat,-11495.731617948775,-10872.791881674873,-11481.053129377284,-608.2612477024104,-0.07594353633695103,4.73658603221395,0.004056463663048973
sigma_age,0.9,3.0,0.083,E_Gsat,-11496.8953617391,-10695.287947296973,-11481.419746622543,-786.1317993255707,-0.0752102428964824,5.002826827730843,0.004789757103517603
MR_age,0.75,3.0,0.07,E_Gsat,-11496.82888470443,-10991.174893140993,-11481.248278669205,-490.0733855282124,-0.08485609132440378,4.367144749107268,0.0048560913244037746
sigma_age,1.0,7.0,0.1,E_Gsat,-11497.327339223248,-10058.15541404151,-11481.707761060172,-1423.5523470186617,-0.08516494453681861,6.9372057638202875,0.005164944536818608
hybrid,0.9,7.0,0.083,E_Gsat,-11496.164077351868,-10511.277420358367,-11480.647141879146,-969.3697215207794,-0.08524757377820572,5.782308616451147,0.005247573778205714
hybrid,0.9,5.0,0.07,E_Gsat,-11496.540431103696,-10802.218543085246,-11480.941602034785,-678.7230589495393,-0.07466546133413604,4.762930358218014,0.005334538665863961
sigma_age,1.0,3.0,0.1,E_Gsat,-11497.214766416377,-10388.28412918361,-11481.567503799777,-1093.2833746161668,-0.08535072659548396,6.023568691997511,0.005350726595483954
hybrid,0.9,3.0,0.083,E_Gsat,-11496.795969352446,-10748.676702248551,-11481.157703329807,-732.4810010812562,-0.08542831985535282,5.071419646525015,0.005428319855352817
MR_age,1.3,3.0,0.083,E_Gsat,-11495.597386543048,-10827.311590094947,-11481.275687422129,-653.9640973271817,-0.08549067486655323,5.070695992805611,0.005490674866553233
MR_age,1.3,3.0,0.07,E_Gsat,-11495.789532709654,-10994.640961539017,-11481.299477395458,-486.6585158564412,-0.07431160993658562,4.3153851511988535,0.005688390063414386
hybrid,0.9,3.0,0.07,E_Gsat,-11496.777823578064,-10931.682457803032,-11481.130358961542,-549.4479011585099,-0.07426852702547676,4.321665857041509,0.005731472974523241
hybrid,0.9,7.0,0.07,E_Gsat,-11496.166863386276,-10745.346959171658,-11480.686171023894,-735.3392118522352,-0.07413230524858355,4.921210771437046,0.00586769475141645
hybrid,0.9,5.0,0.083,E_Gsat,-11496.559409995227,-10583.580544718245,-11480.937811702066,-897.3572669838213,-0.08588411643340402,5.594633269348591,0.005884116433404016
sigma_age,1.0,5.0,0.083,E_Gsat,-11497.309168694466,-10480.961788470591,-11481.695007413746,-1000.7332189431545,-0.07392491296858603,5.612179073255533,0.0060750870314139754
sigma_age,1.0,5.0,0.1,E_Gsat,-11497.465746443906,-10157.482322961068,-11481.82642112777,-1324.3440981667009,-0.0860769456411218,6.697803568281998,0.006076945641121795
MR_age,0.75,5.0,0.07,E_Gsat,-11496.909891807893,-10872.615079639923,-11481.26898645965,-608.6539068197271,-0.08613439532391312,4.773603883719957,0.006134395323913119
MR_age,0.75,7.0,0.07,E_Gsat,-11496.744917876593,-10818.240779722453,-11481.10022418702,-662.859444464566,-0.08616584644619175,4.9204609521706,0.006165846446191753
sigma_age,1.0,3.0,0.083,E_Gsat,-11497.064635987681,-10664.85714301859,-11481.436052984473,-816.5789099658832,-0.07331232755014186,5.052564125939398,0.0066876724498581425
sigma_age,1.0,7.0,0.083,E_Gsat,-11497.218341843976,-10400.95353520318,-11481.628506470508,-1080.6749712673281,-0.07316946861173823,5.810882895552297,0.006830531388261771
MR_age,1.3,5.0,0.083,E_Gsat,-11495.525912666319,-10671.377012974986,-11480.972322212025,-809.5953092370382,-0.08738926562760074,5.570119894580685,0.007389265627600741
hybrid,1.0,5.0,0.07,E_Gsat,-11496.747299098733,-10787.174710861975,-11481.10884537479,-693.934134512816,-0.07255815060229003,4.766336806956829,0.0074418493977099764
sigma_age,0.75,7.0,0.07,E_Gsat,-11495.934896838467,-10762.877755495805,-11481.669036466394,-718.7912809705886,-0.07241112892632637,4.805548133801409,0.007588871073673634
sigma_age,0.9,3.0,0.1,E_Gsat,-11497.09620418372,-10426.38018241515,-11481.539989520074,-1055.159807104923,-0.08761480313911654,5.968533456117555,0.007614803139116541
hybrid,1.0,3.0,0.07,E_Gsat,-11496.817534454764,-10920.936016794723,-11481.19386286288,-560.2578460681561,-0.07238074849413453,4.324888026735053,0.007619251505865468
hybrid,1.0,7.0,0.07,E_Gsat,-11496.416950225585,-10730.579927377945,-11480.86558781889,-750.2856604409444,-0.07204126418106066,4.921112386899537,0.007958735818939341
MR_age,1.3,7.0,0.083,E_Gsat,-11495.57424641932,-10598.81041062726,-11480.851888215959,-882.0414775886984,-0.08797456227897962,5.749839418305285,0.007974562278979622
sigma_age,0.75,5.0,0.07,E_Gsat,-11496.051793731369,-10823.04448365123,-11481.667152590031,-658.6226689388004,-0.07149579067505213,4.626321041635151,0.008504209324947873
MR_age,1.15,3.0,0.083,E_Gsat,-11495.984767646954,-10814.853342414774,-11481.33168089085,-666.4783384760758,-0.08862370654759619,5.113563937087207,0.008623706547596185
hybrid,0.75,3.0,0.083,E_Gsat,-11496.669565402482,-10786.116033243889,-11481.033113201778,-694.9170799578897,-0.08905016886244566,5.030448189970997,0.009050168862445654
MR_age,0.75,7.0,0.055,E_Gsat,-11496.748167789236,-11045.180491073725,-11481.110075503217,-435.929584429492,-0.07067104886718947,3.92485582577595,0.009328951132810528
sigma_age,1.15,3.0,0.083,E_Gsat,-11497.14917181381,-10637.725469144736,-11481.554548919006,-843.8290797742702,-0.07064491653821411,5.079614019247572,0.009355083461785887
MR_age,0.75,5.0,0.055,E_Gsat,-11496.897710687554,-11082.618705968853,-11481.250568357216,-398.6318623883635,-0.07064061907462879,3.8094681291361496,0.00935938092537121
sigma_age,0.9,7.0,0.1,E_Gsat,-11497.050069816712,-10103.761157949259,-11481.605914429074,-1377.8447564798153,-0.08940762184949058,6.893751528147277,0.00940762184949058
sigma_age,1.15,5.0,0.083,E_Gsat,-11497.584119447212,-10446.620170024487,-11481.984091502443,-1035.363921477956,-0.07034007102224953,5.6349669217260185,0.009659928977750476
sigma_age,0.9,5.0,0.1,E_Gsat,-11497.21561432697,-10204.637701736963,-11481.726410285144,-1277.0887085481809,-0.08968080789591751,6.645239603952362,0.009680807895917506
hybrid,1.15,5.0,0.07,E_Gsat,-11497.049742486413,-10775.774522784102,-11481.43458462933,-705.6600618452285,-0.07003218664013242,4.801385236229976,0.009967813359867586
MR_age,1.15,5.0,0.083,E_Gsat,-11496.17412062668,-10656.05460685027,-11481.375436137589,-825.3208292873187,-0.09019136146364506,5.5997553737929735,0.010191361463645063
hybrid,1.15,3.0,0.07,E_Gsat,-11496.784518912911,-10915.047541160022,-11481.285589688896,-566.2380485288741,-0.06980633718107285,4.353432053763328,0.010193662818927154
hybrid,1.3,3.0,0.1,E_Gsat,-11496.432995978557,-10471.905141037565,-11481.385076940112,-1009.4799359025474,-0.09029021058227343,6.113699529202236,0.010290210582273432
hybrid,1.15,7.0,0.07,E_Gsat,-11496.977237297193,-10716.552067188013,-11481.32953825806,-764.7774710700469,-0.06962929061518565,4.959275602572589,0.010370709384814353
MR_age,0.75,3.0,0.055,E_Gsat,-11496.833862821448,-11163.9873426798,-11481.221603708642,-317.2342610288415,-0.06961952009957328,3.490107380511901,0.010380479900426717
hybrid,0.75,7.0,0.083,E_Gsat,-11496.041199388566,-10559.216451198345,-11480.567138889526,-921.3506876911815,-0.09038101562238607,5.7421302604777225,0.010381015622386067
MR_age,1.15,7.0,0.083,E_Gsat,-11496.423729777096,-10581.010112664215,-11481.527811061036,-900.5176983968213,-0.09043480044256305,5.772477749876813,0.01043480044256305
hybrid,0.75,5.0,0.083,E_Gsat,-11496.32370836082,-10631.406042563127,-11480.769529062407,-849.36348649928,-0.09065878208012645,5.552439080469554,0.010658782080126453
hybrid,1.3,7.0,0.1,E_Gsat,-11497.722275582753,-10144.745559143648,-11482.341107889562,-1337.5955487459141,-0.09070753118267513,6.987826781666058,0.010707531182675131
sigma_age,1.15,7.0,0.083,E_Gsat,-11497.583271631285,-10368.371433003089,-11481.956019420155,-1113.584586417066,-0.06915946345415566,5.82277118822941,0.01084053654584434
sigma_age,0.75,3.0,0.1,E_Gsat,-11496.678406841684,-10512.73090655366,-11481.6241459199,-968.8932393662399,-0.09087317522788087,5.847139327363635,0.010873175227880866
hybrid,1.3,5.0,0.1,E_Gsat,-11497.20878309819,-10244.213218824718,-11481.98756991171,-1237.7743510869914,-0.0909757678903977,6.75896183470644,0.010975767890397697
sigma_age,1.3,3.0,0.083,E_Gsat,-11497.077715335554,-10628.015711165415,-11481.817660361621,-853.8019491962059,-0.0682677480286194,5.13054689946874,0.0117322519713806
MR_age,1.0,3.0,0.083,E_Gsat,-11496.368240140131,-10808.907818195312,-11481.263051942973,-672.3552337476613,-0.09192244301766603,5.132548019890223,0.011922443017666026
MR_age,0.9,5.0,0.055,E_Gsat,-11496.94339589725,-11071.522970641769,-11481.363186450519,-409.84021580875014,-0.06801720448535349,3.8544461802455174,0.01198279551464651
hybrid,1.3,5.0,0.07,E_Gsat,-11497.187240205765,-10775.470511180089,-11481.792443755106,-706.3219325750179,-0.06801277030047952,4.838127782389435,0.011987229699520485
MR_age,0.9,7.0,0.055,E_Gsat,-11496.992822375465,-11032.230762731673,-11481.362874948962,-449.1321122172885,-0.06801110185208896,3.972591949957902,0.011988898147911042
sigma_age,0.75,3.0,0.07,E_Gsat,-11496.239296779655,-10943.886897838534,-11481.510588529092,-537.6236906905579,-0.06793705502943637,4.148781108467944,0.012062944970563635
hybrid,1.3,7.0,0.07,E_Gsat,-11497.509828007054,-10711.39619399229,-11482.020602047694,-770.6244080554043,-0.06783996199225462,4.998333245261165,0.012160038007745386
sigma_age,1.3,5.0,0.083,E_Gsat,-11497.670682408616,-10432.860962656407,-11482.426491540615,-1049.565528884208,-0.06776499113676215,5.686625923036573,0.012235008863237848
hybrid,1.3,3.0,0.07,E_Gsat,-11496.644584271824,-10918.552263322674,-11481.344092637837,-562.7918293151633,-0.06748171496344219,4.386444168536499,0.012518285036557816
MR_age,0.9,3.0,0.055,E_Gsat,-11496.72429897778,-11156.75038988809,-11481.221856195394,-324.4714663073046,-0.0671518101239932,3.5295767121366595,0.012848189876006805
sigma_age,0.9,5.0,0.07,E_Gsat,-11496.848847666943,-10750.402162898496,-11481.503833938252,-731.1016710397562,-0.06706917583912275,4.738039591860641,0.01293082416087725
sigma_age,0.9,7.0,0.07,E_Gsat,-11496.778102026397,-10685.827700719492,-11481.457922074578,-795.6302213550862,-0.06688510932934594,4.911997938797086,0.013114890670654064
MR_age,1.0,5.0,0.083,E_Gsat,-11496.706348478396,-10649.64788550219,-11481.456844097678,-831.8089585954876,-0.09322652545404714,5.619114190805902,0.013226525454047136
MR_age,1.0,7.0,0.083,E_Gsat,-11497.00099808007,-10575.549515271236,-11481.645318567951,-906.0958032967155,-0.09322975952380513,5.793262222283616,0.013229759523805132
hybrid,1.15,7.0,0.1,E_Gsat,-11497.178532686545,-10150.151007210598,-11481.540292738151,-1331.3892855275535,-0.09323480239642147,6.950024425542452,0.013234802396421469
sigma_age,1.3,7.0,0.083,E_Gsat,-11497.779394058782,-10354.744266989213,-11482.437293030054,-1127.6930260408408,-0.06660839656784982,5.870498797446558,0.013391603432150179
MR_age,1.0,7.0,0.055,E_Gsat,-11497.035708291116,-11028.861631768807,-11481.587868135233,-452.72623636642675,-0.06651153298726951,3.93423655040651,0.013488467012730487
MR_age,1.0,5.0,0.055,E_Gsat,-11496.835099673614,-11070.023766835257,-11481.450916710057,-411.4271498748003,-0.06649753747241094,3.8188372524393372,0.013502462527589063
hybrid,1.15,3.0,0.1,E_Gsat,-11496.675490958154,-10466.544812280055,-11481.355204158821,-1014.8103918787656,-0.093561083279578,6.0845336415292195,0.013561083279578001
hybrid,1.15,5.0,0.1,E_Gsat,-11497.144223092537,-10243.683080230821,-11481.606111100895,-1237.9230308700735,-0.09382493436292311,6.724466759338725,0.013824934362923105
MR_age,0.9,3.0,0.083,E_Gsat,-11496.589775472414,-10810.313758139897,-11481.220646611182,-670.9068884712851,-0.09423746331042923,5.161827454600143,0.01423746331042923
sigma_age,0.9,3.0,0.07,E_Gsat,-11496.748209185502,-10889.23725229934,-11481.338893956501,-592.101641657162,-0.06560415127430877,4.264345288376276,0.014395848725691232
MR_age,1.0,3.0,0.055,E_Gsat,-11496.573705921335,-11156.33315674371,-11481.272531429278,-324.9393746855676,-0.06559334453387278,3.4964138861699183,0.014406655466127224
hybrid,0.75,5.0,0.055,E_Gsat,-11496.284387798632,-11060.74308730547,-11480.815133522732,-420.07204621726123,-0.0647629663122983,3.7625966930106216,0.015237033687701698
MR_age,1.15,7.0,0.055,E_Gsat,-11496.655967566428,-11032.539936395657,-11481.603146834472,-449.0632104388151,-0.06463615701408759,3.9146312212478875,0.01536384298591241
hybrid,0.75,7.0,0.055,E_Gsat,-11496.072156688084,-11021.609419430222,-11480.683653499442,-459.07423406921953,-0.06458526722668909,3.888295667714857,0.015414732773310916
MR_age,0.9,7.0,0.083,E_Gsat,-11497.028448566874,-10581.046460750995,-11481.431402127208,-900.3849413762127,-0.09546470979152727,5.830377722584913,0.015464709791527267
sigma_age,1.0,5.0,0.07,E_Gsat,-11497.193604962544,-10718.830597525715,-11481.604769091355,-762.7741715656393,-0.06451443348132675,4.781995635882353,0.01548556651867325
MR_age,0.9,5.0,0.083,E_Gsat,-11496.892780962007,-10652.678533374008,-11481.385834244133,-828.7073008701245,-0.09548958464593982,5.652085015564424,0.015489584645939816
MR_age,1.15,5.0,0.055,E_Gsat,-11496.449671204567,-11074.339681735517,-11481.444400924494,-407.10471918897747,-0.06445842960262954,3.8001766346863377,0.01554157039737046
sigma_age,0.75,5.0,0.1,E_Gsat,-11496.560332895055,-10314.408410504513,-11481.844250804716,-1167.4358403002025,-0.09590777124932187,6.5293392318882155,0.01590777124932187
sigma_age,1.0,3.0,0.07,E_Gsat,-11496.951218056487,-10864.899398105073,-11481.348133278221,-616.4487351731477,-0.06399121653399242,4.310031222483218,0.01600878346600758
sigma_age,1.0,7.0,0.07,E_Gsat,-11497.136358954467,-10654.733564376611,-11481.571662619719,-826.8380982431081,-0.06387834756083784,4.949577172759149,0.016121652439162165
hybrid,0.75,3.0,0.055,E_Gsat,-11496.570500330816,-11143.267305906751,-11480.986569805196,-337.7192638984452,-0.06367636922723849,3.4166991149694326,0.016323630772761513
MR_age,1.15,3.0,0.055,E_Gsat,-11496.282173162577,-11160.170966269858,-11481.354696549455,-321.1837302795975,-0.06337260676877392,3.478001586266842,0.016627393231226084
hybrid,1.0,7.0,0.1,E_Gsat,-11496.485509473392,-10169.649432655184,-11480.873682126252,-1311.224249471068,-0.09664039414531175,6.912143381252108,0.01664039414531175
MR_age,1.3,7.0,0.055,E_Gsat,-11495.960080901637,-11044.16274857907,-11481.059552041948,-436.89680346287787,-0.06298234973193403,3.8939074416824724,0.017017650268065967
hybrid,1.0,3.0,0.1,E_Gsat,-11496.792127455676,-10476.117201468604,-11481.261961921904,-1005.1447604533005,-0.09718422391870095,6.060394295302842,0.017184223918700947
sigma_age,0.75,7.0,0.1,E_Gsat,-11496.41839706394,-10217.964706327011,-11481.86484265619,-1263.900136329179,-0.0971920222502098,6.785377934982847,0.0171920222502098
hybrid,1.0,5.0,0.1,E_Gsat,-11496.814258161123,-10260.308227165977,-11481.168891048399,-1220.8606638824222,-0.0973912166093666,6.691035409905382,0.0173912166093666
MR_age,1.3,5.0,0.055,E_Gsat,-11495.918770758028,-11084.041743177784,-11481.1271959988,-397.0854528210166,-0.06257385230569082,3.7748161910215714,0.017426147694309183
MR_age,0.75,3.0,0.083,E_Gsat,-11496.81101007801,-10824.340613509297,-11481.273799438117,-656.9331859288195,-0.09790169172723644,5.127243801889904,0.017901691727236435
sigma_age,1.15,3.0,0.07,E_Gsat,-11497.091226869861,-10843.144903747796,-11481.46871747072,-638.3238137229237,-0.061726558417012065,4.3324072302096965,0.018273441582987937
hybrid,0.9,5.0,0.055,E_Gsat,-11496.51138578151,-11033.697279112392,-11480.941099569105,-447.24382045671337,-0.06156170631635088,3.80327315306738,0.018438293683649125
sigma_age,1.15,5.0,0.07,E_Gsat,-11497.516829195923,-10690.617185017913,-11481.894574343074,-791.2773893251615,-0.061476954656811585,4.800777147962592,0.018523045343188417
MR_age,1.3,3.0,0.055,E_Gsat,-11495.961628807,-11167.570083538752,-11481.320375704385,-313.75029216563235,-0.061263078849586386,3.443872641652561,0.018736921150413616
hybrid,0.9,3.0,0.055,E_Gsat,-11496.747906563432,-11122.695343662184,-11481.101953905809,-358.4066102436245,-0.06123812239090809,3.4565653307143975,0.018761877609091912
hybrid,0.9,7.0,0.055,E_Gsat,-11496.160820146839,-10994.617485193961,-11480.719205819803,-486.10172062584206,-0.061146251464381705,3.9276363348823224,0.018853748535618296
MR_age,0.75,5.0,0.083,E_Gsat,-11496.912241865246,-10672.654815512242,-11481.283974204836,-808.6291586925945,-0.09939610251680334,5.609188204359242,0.019396102516803335
MR_age,0.75,7.0,0.083,E_Gsat,-11496.733269976748,-10603.437386904654,-11481.085402978857,-877.648016074203,-0.09942611196716697,5.783318728379285,0.019426111967166967
sigma_age,1.15,7.0,0.07,E_Gsat,-11497.52935225639,-10627.659674285827,-11481.890711238693,-854.2310369528659,-0.060480895034682264,4.959166288387138,0.019519104965317738
hybrid,0.9,7.0,0.1,E_Gsat,-11496.142062768948,-10191.822869555657,-11480.578258205243,-1288.7553886495862,-0.09959298613670184,6.908359644546493,0.019592986136701837
hybrid,0.9,3.0,0.1,E_Gsat,-11496.798158439029,-10493.429517156375,-11481.195194533717,-987.7656773773415,-0.09984006754397103,6.051866909695747,0.019840067543971024
MR_age,1.3,3.0,0.1,E_Gsat,-11495.277121357662,-10591.62204271442,-11481.235155068676,-889.6131123542564,-0.09993236831955815,6.05841017029141,0.01993236831955815
hybrid,1.0,5.0,0.055,E_Gsat,-11496.702763084937,-11022.83723458096,-11481.078825083732,-458.24159050277194,-0.05989606081099475,3.803987505482567,0.02010393918900525
sigma_age,0.75,7.0,0.055,E_Gsat,-11495.734125248011,-11007.567893681091,-11481.58657874765,-474.01868506655956,-0.05977736203989501,3.8156332332106757,0.02022263796010499
hybrid,1.0,3.0,0.055,E_Gsat,-11496.805348851483,-11115.167487331275,-11481.164495417957,-365.9970080866824,-0.05974328263091416,3.4571348924511796,0.02025671736908584
sigma_age,1.3,3.0,0.07,E_Gsat,-11497.076039373625,-10835.345513890257,-11481.733487817151,-646.3879739268941,-0.0597093531461751,4.381403174674531,0.020290646853824902
hybrid,0.9,5.0,0.1,E_Gsat,-11496.56644752147,-10283.296327524113,-11480.923579206357,-1197.6272516822446,-0.10036655785437042,6.682244768519297,0.020366557854370415
hybrid,1.0,7.0,0.055,E_Gsat,-11496.375105748697,-10983.858009513799,-11480.854409522628,-496.99640000882937,-0.05949351966078781,3.9255968897232663,0.020506480339212194
sigma_age,1.3,5.0,0.07,E_Gsat,-11497.648313037116,-10679.188451740987,-11482.334294963812,-803.1458432228246,-0.059296625303499974,4.850385483707626,0.020703374696500028
sigma_age,0.75,5.0,0.055,E_Gsat,-11495.8380269055,-11049.126830267202,-11481.592764547693,-432.46593428049164,-0.05905147397066845,3.674811946508626,0.020948526029331553
sigma_age,1.3,7.0,0.07,E_Gsat,-11497.752946457906,-10616.138123981525,-11482.36216813132,-866.2240441497943,-0.05832209726919136,5.005458992246162,0.02167790273080864
hybrid,1.15,5.0,0.055,E_Gsat,-11496.995452933892,-11014.278563377951,-11481.362819338234,-467.08425596028246,-0.05789944963624326,3.839844474675587,0.022100550363756744
MR_age,1.3,5.0,0.1,E_Gsat,-11495.189016694936,-10392.145849791375,-11480.841068175718,-1088.6952183843423,-0.10216397054053032,6.6601257145987205,0.02216397054053032
hybrid,1.15,3.0,0.055,E_Gsat,-11496.804786339744,-11111.029248422576,-11481.256141413314,-370.22689299073863,-0.057705079705582626,3.4878812598803677,0.022294920294417375
hybrid,1.15,7.0,0.055,E_Gsat,-11496.88537716073,-10973.015407752166,-11481.241529933946,-508.22612218178074,-0.057587092348712454,3.9639011910876434,0.022412907651287547
MR_age,1.3,7.0,0.1,E_Gsat,-11495.248404292119,-10300.60947504705,-11480.67800742067,-1180.0685323736216,-0.10284725160809477,6.876655261254882,0.022847251608094768
MR_age,1.15,3.0,0.1,E_Gsat,-11495.716769832286,-10576.302813834836,-11481.308253757228,-905.0054399223918,-0.10367134703831452,6.106583935799577,0.023671347038314514
hybrid,1.3,5.0,0.055,E_Gsat,-11497.161807880115,-11013.618406515541,-11481.71278296818,-468.09437645263824,-0.05630265988482654,3.8777107562309396,0.02369734011517346
sigma_age,0.75,3.0,0.055,E_Gsat,-11496.05005012856,-11131.53432019885,-11481.463895290148,-349.929575091297,-0.056241285304819616,3.299601999020112,0.023758714695180386
hybrid,1.3,7.0,0.055,E_Gsat,-11497.415265058058,-10968.30088441545,-11481.892227069307,-513.5913426538573,-0.05617303276989773,4.003586477058732,0.023826967230102275
hybrid,1.3,3.0,0.055,E_Gsat,-11496.704514970947,-11113.499089044566,-11481.325974788862,-367.8268857442963,-0.05586441291485602,3.522816488203631,0.024135587085143982
hybrid,0.75,3.0,0.1,E_Gsat,-11496.71120487587,-10541.088473743861,-11481.063142088084,-939.9746683442227,-0.10416265940128895,6.010224414079104,0.02416265940128895
sigma_age,0.9,5.0,0.055,E_Gsat,-11496.691151619132,-10996.361285378052,-11481.413144333292,-485.05185895523937,-0.05554612650921877,3.7844395858147806,0.02445387349078123
sigma_age,0.9,7.0,0.055,E_Gsat,-11496.660052117217,-10950.964521605945,-11481.394771097168,-530.4302494912226,-0.05540446489369562,3.9211211441219973,0.024595535106304384
MR_age,1.15,5.0,0.1,E_Gsat,-11495.929419220225,-10373.85841493054,-11481.311591985163,-1107.4531770546218,-0.10551028589615899,6.692356751107724,0.025510285896158988
sigma_age,0.9,3.0,0.055,E_Gsat,-11496.59483807211,-11092.844448807486,-11481.259496250654,-388.4150474431681,-0.05438729072584424,3.412251204505637,0.025612709274155765
hybrid,0.75,7.0,0.1,E_Gsat,-11495.99234366065,-10251.644873891755,-11480.463456899715,-1228.8185830079601,-0.1057376506077603,6.867672691798049,0.0257376506077603
MR_age,1.15,7.0,0.1,E_Gsat,-11496.21891210027,-10279.666927614866,-11481.45788015354,-1201.790952538675,-0.10578622584329897,6.900455999401487,0.02578622584329897
hybrid,0.75,5.0,0.1,E_Gsat,-11496.323846017382,-10343.072342647694,-11480.722303307019,-1137.6499606593243,-0.10607896584029736,6.639129101426732,0.026078965840297355
sigma_age,1.0,5.0,0.055,E_Gsat,-11497.072600514195,-10973.253913747765,-11481.514771164046,-508.2608574162805,-0.053525950527353885,3.8240916696825167,0.026474049472646116
sigma_age,1.0,3.0,0.055,E_Gsat,-11496.830778297104,-11075.503253505387,-11481.262151143044,-405.75889763765736,-0.05310867266704757,3.4532624877260503,0.02689132733295243
sigma_age,1.0,7.0,0.055,E_Gsat,-11497.049480872089,-10927.968745398539,-11481.513239808892,-553.5444944103529,-0.053027158635797475,3.9557628772285796,0.026972841364202527
MR_age,1.0,3.0,0.1,E_Gsat,-11496.172337024933,-10569.295678863944,-11481.250207343215,-911.9545284792712,-0.10760845388977243,6.125915172506126,0.027608453889772427
sigma_age,1.15,3.0,0.055,E_Gsat,-11497.024763805104,-11059.929498616071,-11481.38501714056,-421.45551852448807,-0.051315452152824015,3.4702455505505725,0.028684547847175987
sigma_age,1.15,5.0,0.055,E_Gsat,-11497.442622353481,-10952.429842541726,-11481.805436667735,-529.3755941260097,-0.05112639263545477,3.8382504859278583,0.02887360736454523
MR_age,1.0,7.0,0.1,E_Gsat,-11496.950384920177,-10273.364556558552,-11481.678523837196,-1208.3139672786438,-0.10912865067776255,6.9219563802089965,0.029128650677762546
MR_age,1.0,5.0,0.1,E_Gsat,-11496.576610873466,-10366.454974130067,-11481.451177780013,-1114.9962036499455,-0.10913726463772916,6.712139474814194,0.029137264637729157
sigma_age,1.15,7.0,0.055,E_Gsat,-11497.469621188102,-10907.685951265694,-11481.824215470633,-574.1382642049393,-0.05034347458702068,3.9626990962614315,0.02965652541297932
sigma_age,1.3,3.0,0.055,E_Gsat,-11497.064204834145,-11054.295972745687,-11481.651581369017,-427.3556086233293,-0.04971910687552771,3.517006569142737,0.03028089312447229
MR_age,0.9,3.0,0.1,E_Gsat,-11496.449566900756,-10571.439606928088,-11481.214090163494,-909.7744832354056,-0.11037148985975459,6.152836833952961,0.03037148985975459
sigma_age,1.3,5.0,0.055,E_Gsat,-11497.617702039119,-10943.831011057586,-11482.24272947007,-538.4117184124843,-0.04940540269318405,3.885492669097303,0.03059459730681595
sigma_age,1.3,7.0,0.055,E_Gsat,-11497.719990959531,-10898.813210721626,-11482.286333896427,-583.473123174801,-0.04864059409041324,4.007336140091866,0.03135940590958676
MR_age,0.9,7.0,0.1,E_Gsat,-11497.03238352338,-10280.041696207489,-11481.472482205836,-1201.4307859983473,-0.11180138527825792,6.958319084537038,0.03180138527825792
MR_age,0.9,5.0,0.1,E_Gsat,-11496.824265655205,-10370.457150220145,-11481.392743506787,-1110.935593286642,-0.1118423265777966,6.743508594150896,0.03184232657779659
MR_age,0.75,3.0,0.1,E_Gsat,-11496.758507920127,-10589.780268309703,-11481.308377940666,-891.5281096309627,-0.11474378442138786,6.1212194862979885,0.034743784421387855
MR_age,0.75,5.0,0.1,E_Gsat,-11496.89550213977,-10395.681233073978,-11481.29868445514,-1085.617451381162,-0.11651165995822986,6.701875392887544,0.03651165995822986
MR_age,0.75,7.0,0.1,E_Gsat,-11496.699217152256,-10307.801896509829,-11481.053743257375,-1173.2518467475456,-0.11653666061816569,6.911671204959902,0.036536660618165684
