SNID,CID,n_entries,mean_z,logMstar,is_calibrator,used_in_shoes_hf,mean_mu_resid,mean_H0_proxy,priority_score,Reff_kpc,stellar_age_Gyr,sigma_v_km_s,logsSFR,metallicity,morphology,host_name,source_radius,source_age,source_sigma,notes,value_confidence,sigma_eff,logD_MR_raw,logD_sigma_raw,logD_hybrid_raw,D_reg,F_fill,G_sat,G_overflow,G_absorb,well_regime,mass_step_10
2011by,2011by,1,0.00349,10.417,1,0,1.0126574537414594,42.27936011637878,17.050629814965838,3.0,3.0,100.0,,,spiral/Sbc,NGC 3972,,,,Moderate spiral. Moderate maturity.,estimate,100.0,9.277120913598763,-1.0149403497929366,4.131090281902913,0.804148972084561,0.6992599757257053,0.07556924465574538,0.0,0.9244307553442546,near-capacity/saturated,1
2012cg,2012cg,2,0.00256,9.633,1,0,0.6279428578946806,50.47504286178346,16.511771431578723,2.6,5.0,50.0,,,Sa/disturbed,NGC 4424,,,,Truncated/compact starburst/merger remnant.,estimate,50.0,8.777117569963963,-1.3951515915045427,3.69098298922971,0.29189672238719455,0.25382323685843006,6.787192538182739e-05,0.0,0.9999321280746182,filling/absorbing,0
1990N,1990N,1,0.00359,9.802,1,0,0.8547449360388963,45.46852954554254,16.418979744155585,2.6,8.0,100.0,,,spiral/SABbc,NGC 4639,,,,Barred spiral in Virgo; old stellar population.,estimate,100.0,9.150237552619888,-0.5889716175206554,4.280632967549616,1.134695145329174,0.986691430721021,0.47657080711687544,0.0,0.5234291928831245,near-capacity/saturated,0
2003du,2003du,3,0.00747,9.345,1,0,0.3286044113969885,57.937502338989454,16.314417645587955,3.5,3.5,80.0,,,spiral,UGC 9391,"ESA/Hubble: spiral type, 1.9' size at 37Mpc",TITAN young spiral mean (Kelsey 2026),,Teen anchor; standard spiral host.,estimate,80.0,8.205120913598764,-1.1418135861784364,3.5316536637101636,0.20225529163579256,0.17587416663981964,5.204896616772092e-06,0.0,0.9999947951033832,filling/absorbing,0
2012ht,2012ht,2,0.00465,9.53,1,0,0.5762293937025955,51.70517617013961,16.304917574810382,3.0,2.5,50.0,,,late barred spiral / interacting pair,NGC 3447,A&A 610: interacting pair (3447/3447A),Interacting system; active young populations,,Child/Teen transition; irregular kinematics.,estimate,50.0,8.310939667551137,-1.6961815871685237,3.307379040191307,0.12067721235918354,0.10493670639929004,1.401173589119915e-07,0.0,0.9999998598826411,filling/absorbing,0
2001el,2001el,1,0.00333,11.28,1,0,0.8226313278816857,46.14595422749319,16.290525311526743,3.0,7.0,220.0,-11.2,8.9,early/compact,NGC 1448,manual estimate,manual estimate,manual estimate,high-mass mature host,estimate,220.0,10.508097698893357,0.037881797146070206,5.272989748019714,11.149001586373092,9.694783988150515,0.99999987576814,0.8968517502584633,1.2423186002141762e-07,overflowing,1
2009Y,2009Y,3,0.00996,10.636,1,0,-0.3042593651152731,77.62821866360123,16.217037460461093,6.0,7.0,147.0,,,active/Seyfert spiral,NGC 5728,Estimated from 10kpc scale bar and bulge-disk structure (OUP Academic),"Active barred Seyfert; central star-forming ring but massive older stellar component (MNRAS 490, 5860)",Emsellem 2001: central stellar velocity dispersion around 147 km/s,Strong throughput/possible overflow candidate; high sigma (147 km/s).,estimate,147.0,9.563067703229375,-0.31232889500199,4.625369404113693,2.5096643027531242,2.1823167850027168,0.9957758722108708,0.5417713840299518,0.004224127789129173,overflowing,1
2011fe,2011fe,2,0.00122,10.677,1,0,0.5327923032901882,52.73987586355955,16.131169213160753,6.9,5.0,50.0,-9.5,8.8,spiral/Scd,M101,manual estimate,manual estimate,manual estimate,Large spiral; bulgeless. Radial age gradient; central region mature.,estimate,50.0,9.397241827197526,-1.3951515915045427,4.001045117846491,0.5960618784061538,0.5183146768749164,0.009949741294157408,0.0,0.9900502587058426,near-capacity/saturated,1
2007af,2007af,4,0.00625,10.331,1,0,0.0001230689812956,67.40566280616251,16.000492275925183,3.5,3.0,,,,barred spiral/SAB(rs)cd,NGC 5584,Estimated from apparent size 1.3' x 0.7' at 23 Mpc (NASA/Wikipedia),Late-type spiral (Scd) typical age; star formation in arms (Hubble),,Mixed-age spiral control; young arms vs yellowish core.,estimate,107.5,9.12417412396815,-0.9521234212896883,4.086025351339231,0.7248891186352825,0.6303383640306804,0.03803432871689988,0.0,0.9619656712831002,near-capacity/saturated,1
1998aq,1998aq,1,0.00349,10.199,1,0,0.7160574537414615,48.46725300756247,15.864229814965846,3.8,4.5,73.0,,,Sbc/spiral,NGC 3982,Estimated from apparent size 1.7' x 1.5' at 21 Mpc (ESA/Hubble / Wikipedia),Typical Sb spiral age; yellowish core implies older population (Hubble Heritage),Zhang 2008 / Barth 2002: sigma = 73 ± 4 km/s,Face-on spiral; Seyfert 2. Golden calibrator.,estimate,73.0,9.132549830757297,-1.1122033704963434,4.010173230130476,0.6087226466650802,0.5293240405783307,0.011508645385137302,0.0,0.9884913546148627,near-capacity/saturated,1
2019np,2019np,2,0.00648,10.63,1,0,0.3179146884956818,58.22176295042111,15.271658753982727,4.5,4.0,110.0,,,unbarred spiral,NGC 3254,"Cloudy Nights/NED: ~34kpc diameter, SA(s)bc",Intermediate spiral maturity peak,,Teen anchor; unbarred spiral.,estimate,110.0,9.438968391151382,-0.8072162428681866,4.315876074141598,1.2306152804268047,1.0701002438493954,0.6163930362674758,0.06550810940592704,0.38360696373252423,near-capacity/saturated,1
2012fr,2012fr,2,0.00483,10.732,1,0,-0.3102422987413149,77.7682322200694,15.24096919496526,10.8,6.5,,,,massive barred spiral/Fornax,NGC 1365,"Derived from rs = 6.5 kpc (MNRAS 415, 709); global exponential disk Reff ~ 1.67*rs","Bulge/Bar dominated mass-weighted age estimate (MNRAS 415, 709); PHANGS/JWST shows young star-forming ring.",,Massive barred Fornax spiral; complex radial age/kinematic structure. Global Reff includes large disk.,estimate,107.5,9.371610514754668,-0.6163313193664952,4.3776395976940865,1.418684510133784,1.2336387044641601,0.8130234416153176,0.18938989480363522,0.1869765583846824,near-capacity/saturated,1
2009ig,2009ig,3,0.00815,9.906,1,0,-0.0350118496950925,68.68702993252847,15.14004739878037,4.0,5.5,120.0,,,SB(r)a/barred spiral,NGC 1015,Wikipedia/SIMBAD: 164'' size at 36Mpc,Mature barred spiral/Seyfert 2,,Saturated Adult/Teen; active nucleus throughput.,estimate,120.0,8.904423611765045,-0.5933364229231055,4.15554359442097,0.8507262305258717,0.7397619395877146,0.10812983031585487,0.0,0.8918701696841451,near-capacity/saturated,0
2013dy,2013dy,2,0.00432,9.131,1,0,0.28472710440513,59.12332807814707,15.13890841762052,1.8,2.0,40.0,-9.4,8.5,spiral/Sdm,NGC 7250,manual estimate,manual estimate,manual estimate,Late-type star-forming dwarf-like host.,estimate,40.0,8.036878404159438,-1.986911626192693,3.0249833889833724,0.06298391005266865,0.05476861743710318,1.478163398860878e-09,0.0,0.9999999985218366,filling/absorbing,0
2017erp,2017erp,3,0.00677,10.591,1,0,-0.0340035717623733,68.46503403927382,15.136014287049491,4.2,6.0,130.0,,,Seyfert 2 spiral,NGC 5861,Morphology-based Reff for Seyfert 2 host,Active/Mature Seyfert population,,Adult; Seyfert 2 high-throughput.,estimate,130.0,9.606022873584505,-0.4860236495152818,4.559999612034612,2.158966190260039,1.8773619045739474,0.9879797900196672,0.46733765207250105,0.012020209980332819,overflowing,1
2007A,2007A,2,0.01682,10.123,1,0,0.2817553678102218,59.20575884794354,15.127021471240887,4.0,7.0,150.0,,,Sab / central SN position,NGC 105,Sab type; centrally located SN position,Mature early-type spiral population,,Saturated Adult; central well test.,estimate,150.0,9.226158962285057,-0.2947810463869797,4.465688957949038,1.7375415038766115,1.5109056555448797,0.9472982188841913,0.3381453062075085,0.0527017811158087,overflowing,1
2002cr,2002cr,2,0.00954,10.426,1,0,0.264558822084405,59.669318740053,15.05823528833762,5.8,2.5,65.0,,,SAB(rs)cd,NGC 5468,Derived from scale length rs ~ 3.5 kpc,SAB(rs)cd; young star-forming child,Estimated for low-mass late spiral,Large face-on spiral; Child anchor.,derived,65.0,8.920632928707864,-1.4682948825548503,3.7261690230765065,0.3165302729899457,0.27524371564343103,0.00011966576194136174,0.0,0.9998803342380587,filling/absorbing,1
2006D,2006D,3,0.00925,9.554,1,0,-0.0052933267664644,67.56527943574501,15.021173307065858,6.2,8.0,160.0,,,SBa,NGC 232,HyperLeda major axis ~ 1.5' at 85 Mpc,SBa massive barred spiral; mature bar population,Literature sigma for barred spiral center,Massive barred spiral Adult anchor.,catalogue,160.0,8.524819211092453,-0.18073165220880588,4.1720437794418235,0.8836697913137065,0.7684085141858318,0.1365746166974799,0.0,0.86342538330252,near-capacity/saturated,0
2005cf,2005cf,3,0.0070999999999999,9.184,1,0,-0.0041349923516182,67.52870604446464,15.016539969406471,2.5,10.0,180.0,,,S0 pec / interacting environment,MCG -01-39-003,KAIT/BAIT: S0 pec; compact morphology,S0/quiescent typical age,,Extreme Adult; quiescent saturation.,estimate,180.0,8.646180904926725,0.018483405694013133,4.332332155310369,1.2781398764909269,1.1114259795573278,0.6768880412632121,0.10025497118729211,0.3231119587367879,near-capacity/saturated,0
2018gv,2018gv,3,0.00602,10.06,1,0,0.0036742675449784,67.31859071570176,15.014697070179912,5.0,4.0,100.0,,,barred spiral/SB(s)c,NGC 2525,Wikipedia: 14kpc across; SB(s)c,Intermediate barred spiral peak,,Teen anchor; active arms.,estimate,100.0,8.823210900590707,-0.8900016131846367,3.966604643703035,0.5506185937667175,0.47879877718845004,0.005735524650280276,0.0,0.9942644753497197,filling/absorbing,1
2017cbv,2017cbv,2,0.00331,10.449,1,0,-0.2093539806478456,74.24521495053713,14.837415922591385,4.2,6.0,110.0,,,Seyfert 2 spiral,NGC 5643,ESA/Hubble: 2.5' size at 18.4 Mpc,Seyfert 2 mature population,,Adult; Seyfert spiral throughput.,estimate,110.0,9.464022873584506,-0.6311249838125054,4.4164489448860005,1.5512977911812298,1.3489546010271565,0.8904464465542506,0.2586852076129518,0.10955355344574935,near-capacity/saturated,1
2007sr,2007sr,2,0.00571,10.682,1,0,-0.19885662802446,73.86876111273551,14.79542651209784,4.0,1.0,140.0,,,interacting/merger Antennae,NGC 4038,Antennae merger system (NGC 4038/4039),Starburst/youngest stellar components,,Extreme Child; merger/high-flux absorption.,estimate,140.0,8.940060922270801,-1.1998055331561228,3.870127694557339,0.44093434077320043,0.3834211658897395,0.0012167569385932375,0.0,0.9987832430614068,filling/absorbing,1
1999dq,1999dq,2,0.01312,10.854,1,0,-0.1763432292118504,73.10640031528106,14.705372916847402,3.5,4.0,90.0,,,SA(rs)c,NGC 976,HyperLeda derived,Morphology-scaled (SA(rs)c),Morphology-scaled,SN 1999dq host identity verified; SN Ia-pec host.,derived,90.0,9.77211286057645,-0.9815165943059869,4.395298133135231,1.4775574036106158,1.2848325248787964,0.8525067422223266,0.2216884452747379,0.14749325777767341,near-capacity/saturated,1
2013aa,2013aa,2,0.00331,10.53,1,0,-0.1587539806478445,72.52854745597088,14.63501592259138,4.2,6.0,110.0,,,Seyfert 2 spiral,NGC 5643,Copied from 2017cbv (NGC 5643),Copied from 2017cbv,Copied from 2017cbv,Sibling Type Ia host with SN 2017cbv; useful duplicate-host cross-check.,derived,110.0,9.545022873584506,-0.6311249838125054,4.456948944886,1.7029236388900442,1.4808031642522124,0.9398055215507998,0.32469080014088986,0.06019447844920023,near-capacity/saturated,1
1999cp,1999cp,2,0.00954,10.441,1,0,0.1523588220844107,62.88325362650868,14.609435288337645,5.8,2.5,65.0,,,SAB(rs)cd,NGC 5468,Copied from 2002cr / NGC 5468 global host values,Copied from 2002cr / NGC 5468 global host values,Copied from 2002cr / NGC 5468 global host values,SN 1999cp shares host NGC 5468 with SN 2002cr; global host parameters copied.,derived,65.0,8.935632928707864,-1.4682948825548503,3.733669023076507,0.3220440297224046,0.2800382867151344,0.00013504024975691205,0.0,0.9998649597502431,filling/absorbing,1
2002dp,2002dp,2,0.01061,10.53,1,0,0.1298996950808817,63.4991771266902,14.519598780323529,4.2,4.5,110.0,,,SAB(rs)c,NGC 7678,Derived placeholder from SAB(rs)c host scale,Morphology-scaled SAB(rs)c maturity estimate,Morphology-scaled SAB(rs)c estimate,SN 2002dp host identity cleared as NGC 7678; physical values derived pending catalogue refinement.,derived,110.0,9.420084136976206,-0.7560637204208054,4.3320102082777,1.2771927291675331,1.1106023731891592,0.6757520738415136,0.09958773352118643,0.3242479261584864,near-capacity/saturated,1
2002fk,2002fk,2,0.00719,9.89,1,0,0.0969124311453146,64.45890624153431,14.38764972458126,2.9,3.8,85.0,,,SA(s)bc,NGC 1309,Derived from NED angular size at 30 Mpc,SA(s)bc; moderate maturity spiral,Estimated central dispersion,Golden spiral calibrator; Teen anchor.,derived,85.0,8.867506512316618,-1.0534401564672033,3.907033177924707,0.4800421886583976,0.41742799013773707,0.0022034994381323145,0.0,0.9977965005618676,filling/absorbing,0
1997bp,1997bp,1,0.00864,9.75,1,0,-0.3378736301268308,78.74710969349937,14.351494520507323,2.5,7.0,110.0,,,spiral,NGC 4680,HyperLeda derived,Morphology-scaled (early spiral),Morphology-scaled,SN 1997bp host identity verified.,derived,110.0,9.057278944940983,-0.5641781941818922,4.246550375379545,1.0490510060916904,0.9122182661666874,0.3445389049336986,0.0,0.6554610950663013,near-capacity/saturated,0
1998dh,1998dh,2,0.00814,10.935,1,0,0.0383541303521913,66.2379986277853,14.153416521408763,4.0,5.5,130.0,,,SB(rs)bc,NGC 7541,Derived placeholder from SB(rs)bc host scale,Morphology-scaled SB(rs)bc maturity estimate,Morphology-scaled SB(rs)bc estimate,SN 1998dh host identity cleared as NGC 7541; physical values derived pending catalogue refinement.,derived,130.0,9.933423611765045,-0.5238122104046816,4.704805700680182,3.013366320042358,2.620318539167268,0.998822367907113,0.6183670095629679,0.0011776320928870154,overflowing,1
2005df,2005df,1,0.00407,10.375,1,0,0.277841911211679,59.30502786410644,14.111367644846716,3.0,3.5,80.0,,,barred spiral/SB(s)cd,NGC 1559,HyperLeda derived,Morphology-scaled (SB(s)cd),Morphology-scaled,SN 2005df host identity verified; same physical host as 2005df_ANU.,derived,80.0,9.302067703229376,-1.1418135861784364,4.08012705852547,0.7151107188453506,0.6218354076916093,0.03470470223066037,0.0,0.9652952977693396,near-capacity/saturated,1
2015F,2015F,2,0.00488,12.198,1,0,-0.0177892972225581,67.96957583507125,14.071157188890233,2.5,8.0,,,,early/compact,,,,,Forensic Adult (Saturated),estimate,107.5,11.56327089191867,-0.5261546890174071,5.5185581014506315,19.624758934387206,17.065007769032356,0.9999999976272359,0.9414005540733075,2.3727640963144836e-09,overflowing,1
1994ae,1994ae,1,0.00588,10.196,1,0,0.2648036335181043,59.66218711661139,14.059214534072416,2.8,4.5,75.0,,,SA(s)c,NGC 3370,ESA/Hubble derived size at 25 Mpc,SA(s)c; yellowing core implies intermediate maturity,Morphology-based estimate,Spiral calibrator; Teen anchor.,derived,75.0,9.262175396031887,-1.0887265639538553,4.086724416039016,0.7260568803182229,0.6313538089723678,0.03844873690063128,0.0,0.9615512630993687,near-capacity/saturated,1
2005df_ANU,2005df_ANU,1,0.00407,9.552,1,0,0.2624419112116793,59.7271118058184,14.049767644846716,3.0,3.5,80.0,,,barred spiral/SB(s)cd,NGC 1559,Copied from 2005df (NGC 1559),Copied from 2005df,Copied from 2005df,Duplicate/reduction variant of SN 2005df; use same host parameters as 2005df.,derived,80.0,8.479067703229376,-1.1418135861784364,3.6686270585254697,0.2772511062962968,0.24108791851851896,4.7337745761016015e-05,0.0,0.999952662254239,filling/absorbing,0
1981B,1981B,1,0.00317,9.686,1,0,0.2233241546085498,60.81280917826234,13.8932966184342,3.6,4.0,95.0,,,SAB(s)bc,NGC 4536,NED major axis at 15 Mpc,SAB(s)bc; star-forming but mature disk,HyperLeda logsig central estimate,Virgo spiral calibrator; Teen anchor.,catalogue,95.0,8.591878404159438,-0.9345544026069412,3.8286620007762484,0.40078202014848974,0.34850610447694763,0.0006240244879937354,0.0,0.9993759755120063,filling/absorbing,0
1997bq,1997bq,1,0.01079,12.588,1,0,-0.175478777495849,73.07278369521848,13.701915109983396,2.5,8.0,,,,early/compact,,,,,Forensic Adult (Saturated),estimate,107.5,11.953270891918669,-0.5261546890174071,5.713558101450631,30.747112061065575,26.736619183535286,0.9999999998976107,0.9625981133539946,1.023893192453329e-10,overflowing,1
1995al,1995al,1,0.00673,10.296,1,0,0.1472977641502151,62.97966463570913,13.58919105660086,3.2,3.5,80.0,,,SA(rs)c,NGC 4161,,,,Intermediate spiral host; Teen.,derived,80.0,9.195038979629132,-1.1418135861784364,4.026612696725348,0.6322064552464337,0.5497447436925511,0.014948124334701872,0.0,0.9850518756652982,near-capacity/saturated,1
2006bh,2006bh,1,0.01028,10.501,1,0,0.1410078893521938,63.16235564207235,13.564031557408777,4.5,6.0,130.0,,,SB(r)b,NGC 7329,,,,Barred spiral; Adult.,derived,130.0,9.486059650207062,-0.4860236495152818,4.50001800034589,1.8804605619023194,1.6351830973063648,0.9690001826963692,0.38844769026337245,0.030999817303630772,overflowing,1
2005W,2005W,1,0.00855,10.827,1,0,0.1172140564391082,63.858260657526905,13.468856225756433,3.8,5.0,110.0,,,SA(rs)bc,NGC 691,,,,High-mass spiral; Teen/Adult.,derived,110.0,9.806307321317972,-0.7103062298601301,4.548000545728921,2.100132882896871,1.8262025068668446,0.98545234196707,0.4524156021909821,0.014547658032930011,overflowing,1
2021hpr,2021hpr,1,0.01044,6.952,1,0,-0.0846942023563972,70.08074935906738,13.338776809425587,8.0,2.0,,,,late/diffuse,,,,,Forensic Child (Absorbing),estimate,107.5,5.2100609222708005,-1.1282146803453696,2.0409231209627157,0.0065338528615441396,0.005681611183951426,1.9111754977910545e-16,0.0,0.9999999999999998,filling/absorbing,0
2008fv_comb,2008fv_comb,1,0.01079,8.37261,1,0,-0.0628787774958485,69.38021671030756,13.251515109983394,4.5,5.0,130.0,,,SA(rs)bc,NGC 3147,HyperLeda derived,Morphology-scaled (SA(rs)bc),Morphology-scaled,SN 2008fv host identity verified; multiple SNe Ia host.,derived,130.0,7.278488404159438,-0.5652048955629067,3.3566417542982654,0.1351723871541173,0.11754120622097158,3.0997799699803283e-07,0.0,0.999999690022003,filling/absorbing,0
2001bg,2001bg,1,0.00855,10.449,1,0,-0.0419859435608902,68.71587567265095,13.16794377424356,2.4,10.0,204.0,,,E2,NGC 3193,HyperLeda Reff (1.3' at 17.5 Mpc),Quiescent E2; standard old stellar population,HyperLeda logsig = 2.31,Quiescent elliptical; Adult saturation anchor.,catalogue,204.0,9.928909671887157,0.12719873033919857,5.028054201113178,6.343083527525345,5.515724806543779,0.9999935615834086,0.8187001645162547,6.438416591425522e-06,overflowing,1
ASASSN-15so,ASASSN-15so,1,0.00857,10.95,1,0,0.0128072859007329,67.00364660156545,13.051229143602932,4.0,3.0,90.0,,,SAB(rs)c,NGC 7125,,,,Active arms; Child/Teen.,derived,90.0,9.685182176990462,-1.1064553309142868,4.289363423038088,1.1577363047272977,1.006727221501998,0.5117310625099968,0.006682268402319796,0.4882689374900032,near-capacity/saturated,1
2007cq,2007cq,3,0.0251,9.36898,0,1,-0.2024604721789409,74.03448624024648,8.809841888715765,2.8,4.0,100.0,,,Sb,NGC 4711,,,,Intermediate spiral; Teen.,derived,100.0,8.384002873584507,-0.8900016131846367,3.747000630199935,0.33208316491952655,0.28876796949524053,0.00016740577049033088,0.0,0.9998325942295097,filling/absorbing,0
2005eq,2005eq,3,0.02823,10.3697,0,1,0.1793890391495297,62.05958256926581,8.71755615659812,3.0,4.0,90.0,,,spiral,MCG-01-09-006,,,,Identity confirmed; Teen.,estimate,90.0,9.354759650207063,-0.9815165943059869,4.186621527950538,0.9138349360578437,0.7946390748329076,0.16671765666754368,0.0,0.8332823433324563,near-capacity/saturated,1
2005na,2005na,3,0.02748,8.83614,0,1,-0.1748954024548503,73.05610856214919,8.699581609819402,3.5,3.0,80.0,,,spiral,UGC 3634,,,,Identity confirmed; Teen.,estimate,80.0,7.62931412396815,-1.2087603758090495,3.2102768740795504,0.09649906453830803,0.08391223003331134,2.9293875266888796e-08,0.0,0.9999999707061248,filling/absorbing,0
2011dn,2011dn,1,0.02513,9.15925,0,1,-0.6448362947378374,90.70414950510327,8.57934517895135,3.5,4.0,95.0,,,spiral,UGC 11501,Derived from UGC spiral host scale,Morphology-scaled spiral estimate,Morphology-scaled spiral estimate,Batch 6 cleared identity; physical values derived pending catalogue refinement.,derived,95.0,8.07736286057645,-0.9345544026069412,3.5714042289847545,0.22164118233560623,0.19273146290052717,9.877886578589862e-06,0.0,0.9999901221134214,filling/absorbing,0
2005M,2005M,3,0.02598,8.67964,0,1,-0.0980138853621633,70.77869004516383,8.392055541448654,2.5,4.5,100.0,,,spiral,NGC 2930,,,,Identity confirmed; Teen.,estimate,100.0,7.795033418702069,-0.8388490907372554,3.4780921639824065,0.17878801112193754,0.15546783575820658,2.195244595657817e-06,0.0,0.9999978047554043,filling/absorbing,0
2007bd,2007bd,3,0.0311999999999999,10.4344,0,1,-0.0630473029099806,69.3987770785037,8.252189211639923,3.2,4.0,90.0,,,spiral,NGC 1555,,,,Identity confirmed; Teen.,estimate,90.0,9.39143092660682,-0.9815165943059869,4.204957166150416,0.9532424964974456,0.828906518693431,0.21189586866738547,0.0,0.7881041313326145,near-capacity/saturated,1
2007co,2007co,3,0.02731,9.81719,0,1,-0.0598121418713706,69.34816016544603,8.239248567485483,3.0,5.0,110.0,,,spiral,NGC 558,,,,Identity confirmed; Teen/Adult.,estimate,110.0,8.89915966321512,-0.7103062298601301,4.094426716677495,0.739048510280226,0.6426508785045444,0.04331083858872976,0.0,0.9566891614112703,near-capacity/saturated,0
2009D,2009D,3,0.02453,10.1971,0,1,-0.0390547800206058,68.64223779769462,8.156219120082424,3.2,9.0,190.0,,,S0/a,NGC 161,Derived from HyperLeda size at 75 Mpc,S0/a morphology implies mature stellar population,Estimated from S0 scaling,Lenticular Adult anchor; S0/a.,derived,190.0,9.506313444718183,0.019688106832383756,4.763000775775283,3.445458355104043,2.996050743568733,0.9995387297195031,0.6662272819822623,0.0004612702804969171,overflowing,1
2008ar,2008ar,3,0.02849,9.98914,0,1,-0.018705151496805,68.0085529710074,8.07482060598722,3.5,4.0,100.0,,,spiral,NGC 2360,,,,Identity confirmed; Teen.,estimate,100.0,8.90725286057645,-0.8900016131846367,4.008625623695907,0.6065573265947803,0.5274411535606786,0.01122830276537827,0.0,0.9887716972346218,near-capacity/saturated,0
2004ef,2004ef,3,0.0301199999999999,10.3255,0,1,-0.0113784453771821,67.75666448867254,8.045513781508728,4.1,11.0,240.0,,,E,NGC 3087,Derived from SGA angular diameter at 47 Mpc,Elliptical host; mature substrate prior,Estimated from sigma-mass relation,Elliptical Adult anchor.,derived,240.0,9.614229742037253,0.30975356406883814,4.961991653053046,5.448009827148265,4.737399849694144,0.9999813271075056,0.7889137434610756,1.8672892494353555e-05,overflowing,1
1998ab,1998ab,1,0.02873,10.3527,0,1,-0.4509749467385848,82.95735294889344,7.803899786954339,3.5,5.0,120.0,,,barred spiral,NGC 4704,Derived placeholder from barred spiral host scale,Morphology-scaled barred spiral maturity estimate,Morphology-scaled barred spiral estimate,SN 1998ab host identity cleared as NGC 4704; physical values derived pending catalogue refinement.,derived,120.0,9.367722873584507,-0.6347291080813305,4.366496882751588,1.3827482324446683,1.2023897673431898,0.7841772050762207,0.1683229289204547,0.21582279492377932,near-capacity/saturated,1
2002bf,2002bf,2,0.02525,10.3104,0,1,-0.1884753573563581,73.51423088127031,7.753901429425433,4.5,3.5,90.0,,,Sc edge-on,NGC 3501,,,,Edge-on spiral; Teen.,derived,90.0,9.061376444173694,-1.0395085412836735,4.01093395144501,0.6097898351956716,0.5302520306049319,0.011648971979538996,0.0,0.988351028020461,near-capacity/saturated,1
2007hx,2007hx,1,0.07875,10.2646,0,1,0.4271131398998431,55.36525041519556,7.7084525595993725,4.2,5.0,115.0,,,spiral,UGC 11224,Derived from UGC spiral host scale,Morphology-scaled mature spiral estimate,Morphology-scaled spiral estimate,Batch 6 cleared identity; physical values derived pending catalogue refinement.,derived,115.0,9.20044162753688,-0.6716959194693568,4.264372854033762,1.0929972852595817,0.9504324219648538,0.411960289969754,0.0,0.588039710030246,near-capacity/saturated,1
2007O,2007O,2,0.03818,10.8351,0,1,-0.1545669048958675,72.37442734501089,7.61826761958347,3.8,4.5,105.0,,,SAB(s)c,UGC 9612,Derived placeholder from SAB(s)c host scale,Morphology-scaled SAB(s)c maturity estimate,Morphology-scaled SAB(s)c estimate,SN 2007O host identity cleared as UGC 9612; physical values derived pending catalogue refinement.,derived,105.0,9.768649830757298,-0.7964704925973792,4.486089669079959,1.8211088223615284,1.583572889010025,0.9614981116822585,0.368516595011201,0.038501888317741484,overflowing,1
2006gr,2006gr,2,0.03428,10.0957,0,1,0.1361818282100682,63.30349483560786,7.544727312840273,3.8,4.5,110.0,,,SBb,CGCG 159-009,Derived from CGCG SBb host scale,Morphology-scaled SBb estimate,Morphology-scaled SBb estimate,Batch 6 cleared identity; confirmed via KAIT log.,derived,110.0,9.029249830757298,-0.7560637204208054,4.136593055168246,0.8144028492421482,0.7081763906453463,0.08200328242720616,0.0,0.9179967175727939,near-capacity/saturated,1
2008Y,2008Y,2,0.07056,10.544,0,1,-0.129463156208791,71.54124781144543,7.5178526248351645,4.0,5.0,110.0,,,spiral,MCG +09-19-039,Derived from spiral host scale for MCG +09-19-039,Morphology-scaled mature spiral estimate,Morphology-scaled spiral estimate,Identity verified as MCG +09-19-039; physical values derived pending catalogue refinement.,derived,110.0,9.50103092660682,-0.7103062298601301,4.395362348373345,1.4777758929524172,1.2850225156107977,0.8526368380452697,0.22180351873081433,0.14736316195473032,near-capacity/saturated,1
2005iq,2005iq,2,0.03341,10.49,0,1,0.1232465938590241,63.68139280588301,7.492986375436097,3.8,4.5,105.0,,,spiral,MCG -03-01-008,Derived from spiral host scale for MCG -03-01-008,Morphology-scaled intermediate spiral estimate,Morphology-scaled spiral estimate,Identity verified as MCG -03-01-008; physical values derived pending catalogue refinement.,derived,105.0,9.423549830757297,-0.7964704925973792,4.313539669079959,1.22401262776105,1.064358806748739,0.6074504672666367,0.06046720931011389,0.39254953273336335,near-capacity/saturated,1
2003fa,2003fa,2,0.04056,10.3091,0,1,-0.1181574350839671,71.17708102822503,7.472629740335869,3.5,4.0,95.0,,,S?,MCG +07-36-033,Derived from MCG host scale for MCG +07-36-033,Morphology-scaled spiral/uncertain-type estimate,Morphology-scaled estimate,"Identity verified as MCG +07-36-033; morphology uncertain, physical values derived.",derived,95.0,9.22721286057645,-0.9345544026069412,4.146329228984754,0.8328666231339646,0.7242318462034476,0.09461827954517511,0.0,0.9053817204548249,near-capacity/saturated,1
ASASSN-15la,ASASSN-15la,1,0.02902,10.5989,0,1,-0.3661515969437321,79.77929899382895,7.464606387774928,2.8,8.0,170.0,,,S0,NGC 5517,Derived from S0 host scale for NGC 5517,S0 morphology mature stellar population estimate,S0 morphology-scaled estimate,Identity verified as NGC 5517; S0 adult anchor candidate.,derived,170.0,9.914952869248488,-0.12807377476410758,4.89343954724219,4.6524935152863165,4.04564653503158,0.9999436284515334,0.7528207194224905,5.637154846660497e-05,overflowing,1
LSQ12gdj,LSQ12gdj,1,0.02947,8.87386,0,1,-0.3621906463555948,79.63390740243993,7.448762585422379,3.2,3.0,85.0,,,spiral,ESO 472-G007,Derived from spiral host scale for ESO 472-G007,Morphology-scaled spiral/child-teen estimate,Morphology-scaled spiral estimate,Identity verified as ESO 472-G007; physical values derived pending catalogue refinement.,derived,85.0,7.70595218999852,-1.156102498364351,3.2749248458170843,0.11198789335520101,0.09738077683060958,8.304483122918312e-08,0.0,0.9999999169551688,filling/absorbing,0
1981D,1981D,1,0.00616,11.314,0,0,-1.1109803287610998,112.42320503503406,7.443921315044399,5.5,10.0,220.0,,,SAB(s)0,NGC 1316,Derived/global effective radius proxy for NGC 1316 / Fornax A,Well-studied old S0/peculiar merger remnant population,High-dispersion Fornax A/S0-scaled estimate,"Identity verified as NGC 1316/Fornax A; adult/high-throughput anchor, pending catalogue refinement.",derived,220.0,10.433758224104519,0.19278375713181342,5.313270990618166,12.232556203905505,10.63700539470044,0.9999999350970682,0.9059885782799152,6.490293180672069e-08,overflowing,1
2008bz,2008bz,2,0.06099,10.3562,0,1,0.0926686623697126,64.58566197965256,7.37067464947885,3.5,4.0,95.0,,,2MASX galaxy / likely spiral,2MASX J12385810+1107502,Derived from 2MASX host scale; identity in verify_from_catalogue queue,Morphology-scaled intermediate estimate,Morphology-scaled estimate,Batch 3 verify_from_catalogue identity; 2MASX host designation used.,derived,95.0,9.27431286057645,-0.9345544026069412,4.169879228984754,0.8792764839777487,0.7645882469371729,0.13251242141851416,0.0,0.8674875785814858,near-capacity/saturated,1
ASASSN-15mi,ASASSN-15mi,1,0.03585,9.51083,0,1,-0.3403693849378388,78.83766873626912,7.361477539751355,3.0,3.5,90.0,,,spiral,Mrk 283,Derived from spiral host scale for Mrk 283,Morphology-scaled spiral estimate,Morphology-scaled spiral estimate,Identity verified as Mrk 283; physical values derived pending catalogue refinement.,derived,90.0,8.437897703229376,-1.0395085412836735,3.6991945809728515,0.29746838129847497,0.25866815765084783,7.74759910441663e-05,0.0,0.9999225240089559,filling/absorbing,0
2007ux,2007ux,2,0.03264,10.0948,0,1,0.0901626503353103,64.738155875238,7.360650601341241,3.6,4.5,105.0,,,spiral,UGC 10272,Derived from UGC spiral host scale,Morphology-scaled intermediate spiral estimate,Morphology-scaled spiral estimate,Batch 6 cleared identity; physical values derived.,derived,105.0,9.051830926606819,-0.7964704925973792,4.12768021700472,0.7978595473060475,0.6937909107009109,0.07181801175014885,0.0,0.9281819882498512,near-capacity/saturated,1
2009cz,2009cz,2,0.02343,10.5159,0,1,-0.0900748801167754,70.25461732922183,7.360299520467102,3.0,8.0,170.0,,,S0/a,NGC 2789,Derived from S0/a host scale for NGC 2789,S0/a mature stellar population estimate,S0/a morphology-scaled estimate,Identity verified as NGC 2789; mature S0/a adult candidate.,derived,170.0,9.801989645871044,-0.12807377476410758,4.836957935553468,4.085113851786061,3.5522729145965752,0.9998599139511554,0.7184900980183928,0.00014008604884463427,overflowing,1
2007kk,2007kk,2,0.04285,10.8891,0,1,-0.060696974632103,69.31426217911223,7.242787898528412,4.0,5.5,120.0,,,SB(rs)bc,UGC 2828,Derived from SB(rs)bc host scale for UGC 2828,Barred spiral intermediate/adult estimate,Morphology-scaled barred spiral estimate,Identity verified as UGC 2828; barred spiral teen/adult candidate.,derived,120.0,9.887523611765044,-0.5933364229231055,4.647093594420969,2.6383950509251117,2.2942565660218364,0.997020042941863,0.5641289580206078,0.0029799570581370283,overflowing,1
2006ac,2006ac,2,0.02432,11.1921,0,1,-0.0606273054361725,69.3104541980615,7.24250922174469,4.4,5.5,125.0,,,spiral,NGC 4619,Derived from NGC spiral host scale; identity in verify_from_catalogue queue,Morphology-scaled mature spiral estimate,Morphology-scaled spiral estimate,Batch 3 verify_from_catalogue identity; physical values derived pending refinement.,derived,125.0,10.14913092660682,-0.5578788890022424,4.795626018802288,3.7142595445441997,3.229790908299304,0.999727315341615,0.690382433912242,0.0002726846583850362,overflowing,1
2001ah,2001ah,2,0.05886,10.5719,0,1,0.0584447038318406,65.65795698707215,7.233778815327362,4.5,5.0,115.0,,,spiral/Sbc,NGC 5970,Derived from NGC spiral host scale; identity in verify_from_catalogue queue,Morphology-scaled Sbc/intermediate estimate,Morphology-scaled spiral estimate,Batch 3 verify_from_catalogue identity; physical values derived pending refinement.,derived,115.0,9.477778404159437,-0.6716959194693568,4.40304124234504,1.5041372668792783,1.307945449460242,0.8675195348061068,0.23544211999615414,0.13248046519389323,near-capacity/saturated,1
2006en,2006en,2,0.03162,10.183,0,1,0.0535914262095271,65.75936773941729,7.214365704838109,4.0,5.0,120.0,,,spiral,UGC 11333,Derived from UGC spiral host scale,Morphology-scaled mature spiral estimate,Morphology-scaled spiral estimate,Batch 6 cleared identity; physical values derived.,derived,120.0,9.14003092660682,-0.6347291080813305,4.252650909262744,1.0638910086030706,0.9251226161765832,0.36707100374985996,0.0,0.6329289962501401,near-capacity/saturated,1
2005hc,2005hc,2,0.04575,7.0,0,1,0.0515781341177312,65.82238734516643,7.206312536470925,8.0,2.0,,,,late/diffuse,,,,,Forensic Child (Absorbing),estimate,107.5,5.258060922270801,-1.1282146803453696,2.0649231209627157,0.006905090106705612,0.006004426179744011,2.8138475797408443e-16,0.0,0.9999999999999997,filling/absorbing,0
2008hj,2008hj,2,0.03682,9.9461,0,1,-0.0454900828856476,68.83048246871999,7.181960331542591,3.5,4.0,95.0,,,spiral,MCG -01-10-023,Derived from MCG spiral host scale,Morphology-scaled spiral estimate,Morphology-scaled spiral estimate,Batch 6 fallback identity cleared.,derived,95.0,8.86421286057645,-0.9345544026069412,3.964829228984754,0.5483722357562419,0.47684542239673217,0.005574623273401449,0.0,0.9944253767265986,filling/absorbing,0
2008gp,2008gp,2,0.03333,10.4696,0,1,-0.0340194084349238,68.47132767736133,7.136077633739696,4.1,5.0,115.0,,,spiral,UGC 3317,Derived from UGC spiral host scale,Morphology-scaled mature spiral estimate,Morphology-scaled spiral estimate,Batch 6 fallback identity cleared.,derived,115.0,9.415907061215046,-0.6716959194693568,4.3721055708728445,1.4007215171560734,1.2180187105704987,0.7990839285253118,0.17899454965546674,0.20091607147468815,near-capacity/saturated,1
2008gg,2008gg,2,0.03114,10.9334,0,1,0.026979075940341,66.59719488985505,7.107916303761364,4.2,5.0,120.0,,,spiral/interacting,NGC 539,Derived from NGC spiral/interacting host scale,Morphology-scaled mature spiral/interacting estimate,Morphology-scaled spiral estimate,Batch 3 cleared identity; interacting spiral candidate.,derived,120.0,9.869241627536882,-0.6347291080813305,4.6172562597277755,2.4632159550051242,2.1419269173957605,0.9951885846928392,0.5331306629192374,0.004811415307160782,overflowing,1
1999gp,1999gp,2,0.02691,10.9727,0,1,0.0243746948497989,66.6484031945063,7.097498779399196,4.0,4.5,110.0,,,spiral,UGC 1993,Derived from UGC spiral host scale,Morphology-scaled spiral/teen estimate,Morphology-scaled spiral estimate,Batch 3 cleared identity; physical values derived pending catalogue refinement.,derived,110.0,9.883973436046144,-0.7560637204208054,4.56395485781267,2.1787183290885537,1.8945376774683076,0.9887137967371485,0.4721667392034602,0.011286203262851457,overflowing,1
2001eh,2001eh,2,0.03725,11.1794,0,1,0.0224121120171947,66.70827810645966,7.089648448068779,4.0,5.0,115.0,,,spiral,UGC 11301,Derived from UGC spiral host scale; identity in verify_from_catalogue queue,Morphology-scaled mature spiral estimate,Morphology-scaled spiral estimate,Batch 3 verify_from_catalogue identity; physical values derived pending refinement.,derived,115.0,10.136430926606819,-0.6716959194693568,4.732367503568731,3.210803537612258,2.7920030761845727,0.9992444547150271,0.6418342055100614,0.0007555452849729027,overflowing,1
2006ot,2006ot,2,0.05202,11.3736,0,1,-0.0201909554057859,68.21973390724749,7.080763821623144,2.5,8.0,,,,early/compact,,,,,Forensic Adult (Saturated),estimate,107.5,10.738870891918669,-0.5261546890174071,5.106358101450631,7.596338878128869,6.605512067938148,0.9999981775577457,0.8486112825599392,1.8224422543289265e-06,overflowing,1
2009ad,2009ad,2,0.02844,10.4871,0,1,-0.020126839155198,68.02923025070689,7.080507356620792,3.8,4.5,105.0,,,spiral,UGC 3236,Derived from UGC spiral host scale,Morphology-scaled intermediate spiral estimate,Morphology-scaled spiral estimate,Batch 4 cleared identity; teen candidate.,derived,105.0,9.420649830757297,-0.7964704925973792,4.312089669079959,1.2199327721726418,1.06081110623708,0.6018637172005903,0.057325103290810885,0.3981362827994097,near-capacity/saturated,1
2003gn,2003gn,1,0.03375,7.0,0,1,0.2654654547633068,59.64400604915594,7.061861819053227,8.0,2.0,,,,late/diffuse,,,,,Forensic Child (Absorbing),estimate,107.5,5.258060922270801,-1.1282146803453696,2.0649231209627157,0.006905090106705612,0.006004426179744011,2.8138475797408443e-16,0.0,0.9999999999999997,filling/absorbing,0
2008cf,2008cf,2,0.04682,8.91208,0,1,-0.0068060444049091,67.61167353293004,7.027224177619637,3.4,3.5,90.0,,,spiral,MCG +05-32-020,Derived from MCG spiral host scale; identity in verify_from_catalogue queue,Morphology-scaled child/teen spiral estimate,Morphology-scaled spiral estimate,Batch 3 verify_from_catalogue identity; physical values derived pending refinement.,derived,90.0,7.784790040906783,-1.0395085412836735,3.3726407498115547,0.1402448683313577,0.12195205941857193,4.0116570298291843e-07,0.0,0.999999598834297,filling/absorbing,0
2007F,2007F,2,0.02417,9.63941,0,1,-0.0039491260718573,67.55873363737015,7.0157965042874295,3.8,4.0,95.0,,,spiral/SAB,NGC 3162,Derived from NGC spiral host scale; identity cleared via SN catalogue,Morphology-scaled spiral/teen estimate,Morphology-scaled spiral estimate,Batch 3 cleared identity; physical values derived pending catalogue refinement.,derived,95.0,8.521807308309915,-0.9345544026069412,3.793626452851487,0.36971977671967116,0.3214954580171054,0.00035487037589034177,0.0,0.9996451296241097,filling/absorbing,0
2011iv,2011iv,1,0.00668,7.0,0,0,-0.9740259128965096,105.55166274953127,6.896103651586039,8.0,2.0,,,,late/diffuse,,,,,Forensic Child (Absorbing),estimate,107.5,5.258060922270801,-1.1282146803453696,2.0649231209627157,0.006905090106705612,0.006004426179744011,2.8138475797408443e-16,0.0,0.9999999999999997,filling/absorbing,0
2010ii,2010ii,1,0.02805,7.97988,0,1,-0.215963598229786,74.44792817250158,6.863854392919144,3.2,3.5,90.0,,,spiral,UGC 8670,Derived from UGC spiral host scale,Morphology-scaled child/teen spiral estimate,Morphology-scaled spiral estimate,Batch 4 cleared identity; physical values derived pending catalogue refinement.,derived,90.0,6.878918979629132,-1.0395085412836735,2.9197052191727293,0.04942554290214132,0.04297873295838376,2.7087894933632826e-10,0.0,0.999999999729121,filling/absorbing,0
2009bv,2009bv,1,0.03848,10.123,0,1,0.2066101541931129,61.28269639553979,6.826440616772452,3.6,4.0,100.0,,,spiral,UGC 5918,Derived from UGC spiral host scale,Morphology-scaled intermediate spiral estimate,Morphology-scaled spiral estimate,Batch 4 cleared identity; teen candidate.,derived,100.0,9.028878404159437,-0.8900016131846367,4.0694383954874,0.6977255468348412,0.6067178668129055,0.029373758447765064,0.0,0.970626241552235,near-capacity/saturated,1
2007sw,2007sw,1,0.02517,8.41811,0,1,-0.1949547977505563,73.73112425380987,6.779819191002225,3.0,3.0,85.0,,,spiral,UGC 5434,Derived from UGC spiral host scale,Morphology-scaled young spiral estimate,Morphology-scaled spiral estimate,Batch 4 cleared identity; child/teen candidate.,derived,85.0,7.2782309135987635,-1.156102498364351,3.061064207617206,0.06844006870615187,0.059513103222740754,2.6441626987811623e-09,0.0,0.9999999973558373,filling/absorbing,0
AT2016cvv,AT2016cvv,1,0.04438,11.4594,0,1,0.1780053379677806,62.095314200418805,6.7120213518711225,2.5,8.0,,,,early/compact,,,,,Forensic Adult (Saturated),estimate,107.5,10.82467089191867,-0.5261546890174071,5.149258101450632,8.38502439935457,7.291325564656149,0.9999990872451038,0.8628507270547096,9.127548962206689e-07,overflowing,1
2007ae,2007ae,1,0.06533,10.8837,0,1,-0.1559620679434434,72.41896441042692,6.623848271773774,4.2,5.5,120.0,,,spiral,UGC 10704,Derived from UGC mature spiral host scale,Morphology-scaled mature spiral estimate,Morphology-scaled mature spiral estimate,Batch 4 cleared identity; adult/overflow candidate.,derived,120.0,9.860934312695106,-0.5933364229231055,4.633798944886,2.5588520378349644,2.225088728552143,0.9963105350725624,0.5505797197351783,0.0036894649274376023,overflowing,1
2009do,2009do,1,0.04099,10.4649,0,1,-0.1506889180322747,72.24331734257407,6.602755672129099,3.8,4.5,105.0,,,spiral,UGC 4312,Derived from UGC spiral host scale,Morphology-scaled intermediate spiral estimate,Morphology-scaled spiral estimate,Batch 5 cleared identity; teen candidate.,derived,105.0,9.398449830757297,-0.7964704925973792,4.300989669079959,1.1891479686154556,1.0340417118395266,0.5583148638510358,0.03292102383274998,0.4416851361489642,near-capacity/saturated,1
2000cw,2000cw,1,0.02949,7.0,0,1,0.1503039407277225,62.89253619700319,6.60121576291089,3.0,3.0,85.0,,,spiral,MCG +05-20-009,Derived from MCG spiral host scale,Morphology-scaled child spiral estimate,Morphology-scaled spiral estimate,Batch 5 cleared identity; child candidate.,derived,85.0,5.860120913598763,-1.156102498364351,2.352009207617206,0.01337381886601269,0.011629407709576253,2.876756979838575e-14,0.0,0.9999999999999712,filling/absorbing,0
2006az,2006az,1,0.03201,11.1124,0,1,-0.1501039511676456,72.22385853894484,6.600415804670583,4.0,5.5,120.0,,,spiral,UGC 8084,Derived from UGC mature spiral host scale,Morphology-scaled mature spiral estimate,Morphology-scaled mature spiral estimate,Batch 4 cleared identity; adult/overflow candidate.,derived,120.0,10.110823611765044,-0.5933364229231055,4.758743594420969,3.4118491691808344,2.9668253645050737,0.9995059834309166,0.6629393789186442,0.0004940165690834331,overflowing,1
2005lz,2005lz,1,0.04643,11.0342,0,1,-0.1454794253511213,72.07020901858758,6.581917701404485,4.4,6.0,130.0,,,spiral / massive host,MCG +08-16-031,Derived from MCG massive spiral host scale,Morphology-scaled mature host estimate,Morphology-scaled massive spiral estimate,Batch 4 cleared identity; adult candidate.,derived,130.0,10.02901948749622,-0.4860236495152818,4.771497918990469,3.5135339006694135,3.0552468701473163,0.9995977453133355,0.6726942068835889,0.00040225468666454933,overflowing,1
2008dr,2008dr,1,0.04014,11.3888,0,1,0.1398616383874778,63.19570583475025,6.559446553549911,2.5,8.0,,,,early/compact,,,,,Forensic Adult (Saturated),estimate,107.5,10.75407089191867,-0.5261546890174071,5.113958101450631,7.730442081834598,6.72212354942139,0.9999983876702501,0.8512374857962741,1.6123297499337497e-06,overflowing,1
2006S,2006S,1,0.03393,10.2024,0,1,0.1396268173481996,63.20254013007019,6.558507269392798,3.6,4.0,100.0,,,spiral,UGC 6667,Derived from UGC spiral host scale,Morphology-scaled intermediate spiral estimate,Morphology-scaled spiral estimate,Batch 5 cleared identity; teen candidate.,derived,100.0,9.108278404159439,-0.8900016131846367,4.109138395487401,0.7645125599857233,0.6647935304223681,0.05427175319112548,0.0,0.9457282468088746,near-capacity/saturated,1
SN2017cii,SN2017cii,1,0.03289,8.8988,0,1,0.1380930928160762,63.247196247700494,6.552372371264305,2.5,6.0,150.0,,,S0,NGC 2577,Derived from NGC early-type host scale,Morphology-scaled mature early-type estimate,Morphology-scaled early-type estimate,Batch 5 cleared identity; physical values derived pending catalogue refinement.,derived,150.0,8.139132155310369,-0.3617278360175929,3.888702159646388,0.46020188040385546,0.40017554817726564,0.0016407434857199136,0.0,0.99835925651428,filling/absorbing,0
2005am,2005am,3,0.00863,11.3117,0,0,-0.3871756141987195,80.56069126676145,6.548702456794878,3.5,8.0,170.0,,,early-type / S0-like,NGC 2811,Derived from NGC early-type host scale,Early-type mature stellar population estimate,Early-type morphology-scaled estimate,Batch 4 cleared identity; mature adult anchor.,derived,170.0,10.530842856240431,-0.12807377476410758,5.201384540738162,9.454330279703962,8.221156764959968,0.9999996060244036,0.8783626162850734,3.9397559636888957e-07,overflowing,1
SN2017mf,SN2017mf,1,0.02598,10.508,0,1,0.1343527813045053,63.356231974064784,6.537411125218021,4.0,6.5,130.0,,,peculiar/early-type,NGC 5510,Derived from NGC host scale,Morphology-scaled mature host estimate,Morphology-scaled estimate,Batch 5 cleared identity; adult candidate.,derived,130.0,9.578974278913655,-0.4512615432560699,4.563856367828793,2.178224291949538,1.89410807995612,0.9886960686764309,0.47204702277434635,0.011303931323569105,overflowing,1
2004bk,2004bk,1,0.02352,7.0,0,1,-0.1176463361055244,71.15233613012154,6.470585344422098,8.0,2.0,,,,late/diffuse,,,,,Forensic Child (Absorbing),estimate,107.5,5.258060922270801,-1.1282146803453696,2.0649231209627157,0.006905090106705612,0.006004426179744011,2.8138475797408443e-16,0.0,0.9999999999999997,filling/absorbing,0
ASASSN-16hc,ASASSN-16hc,1,0.05151,10.7547,0,1,-0.1174013037144394,71.14430764063286,6.469605214857758,4.5,6.0,125.0,,,spiral,UGC 10103,Derived from UGC mature spiral host scale,Morphology-scaled mature spiral estimate,Morphology-scaled mature spiral estimate,Batch 5 cleared identity; adult candidate.,derived,125.0,9.739759650207063,-0.5200903281128425,4.60983466104711,2.4214800217542267,2.1056348015254147,0.9945805078194729,0.5250838372943134,0.0054194921805270635,overflowing,1
2008bq,2008bq,1,0.03166,10.9133,0,1,0.1126319457034892,63.99315279665998,6.450527782813957,4.2,5.5,120.0,,,spiral,NGC 3176,Derived from NGC mature spiral host scale,Morphology-scaled mature spiral estimate,Morphology-scaled mature spiral estimate,Batch 5 cleared identity; adult candidate.,derived,120.0,9.890534312695106,-0.5933364229231055,4.648598944886,2.647556117222108,2.30222271062792,0.9970912688828213,0.565637157785115,0.002908731117178709,overflowing,1
